image_id,image_path,gt_path,doc_type
banking_0000,images/pil/banking_0000.png,/data/gpfs/projects/punim2826/Smith/Anti-Extraction-v2/data/ui_dataset/ground_truth/pil/banking_0000.json,banking
banking_0001,images/pil/banking_0001.png,/data/gpfs/projects/punim2826/Smith/Anti-Extraction-v2/data/ui_dataset/ground_truth/pil/banking_0001.json,banking
banking_0002,images/pil/banking_0002.png,/data/gpfs/projects/punim2826/Smith/Anti-Extraction-v2/data/ui_dataset/ground_truth/pil/banking_0002.json,banking
banking_0003,images/pil/banking_0003.png,/data/gpfs/projects/punim2826/Smith/Anti-Extraction-v2/data/ui_dataset/ground_truth/pil/banking_0003.json,banking
banking_0004,images/pil/banking_0004.png,/data/gpfs/projects/punim2826/Smith/Anti-Extraction-v2/data/ui_dataset/ground_truth/pil/banking_0004.json,banking
banking_0005,images/pil/banking_0005.png,/data/gpfs/projects/punim2826/Smith/Anti-Extraction-v2/data/ui_dataset/ground_truth/pil/banking_0005.json,banking
banking_0006,images/pil/banking_0006.png,/data/gpfs/projects/punim2826/Smith/Anti-Extraction-v2/data/ui_dataset/ground_truth/pil/banking_0006.json,banking
banking_0007,images/pil/banking_0007.png,/data/gpfs/projects/punim2826/Smith/Anti-Extraction-v2/data/ui_dataset/ground_truth/pil/banking_0007.json,banking
banking_0008,images/pil/banking_0008.png,/data/gpfs/projects/punim2826/Smith/Anti-Extraction-v2/data/ui_dataset/ground_truth/pil/banking_0008.json,banking
banking_0009,images/pil/banking_0009.png,/data/gpfs/projects/punim2826/Smith/Anti-Extraction-v2/data/ui_dataset/ground_truth/pil/banking_0009.json,banking
banking_0010,images/pil/banking_0010.png,/data/gpfs/projects/punim2826/Smith/Anti-Extraction-v2/data/ui_dataset/ground_truth/pil/banking_0010.json,banking
banking_0011,images/pil/banking_0011.png,/data/gpfs/projects/punim2826/Smith/Anti-Extraction-v2/data/ui_dataset/ground_truth/pil/banking_0011.json,banking
banking_0012,images/pil/banking_0012.png,/data/gpfs/projects/punim2826/Smith/Anti-Extraction-v2/data/ui_dataset/ground_truth/pil/banking_0012.json,banking
banking_0013,images/pil/banking_0013.png,/data/gpfs/projects/punim2826/Smith/Anti-Extraction-v2/data/ui_dataset/ground_truth/pil/banking_0013.json,banking
banking_0014,images/pil/banking_0014.png,/data/gpfs/projects/punim2826/Smith/Anti-Extraction-v2/data/ui_dataset/ground_truth/pil/banking_0014.json,banking
banking_0015,images/pil/banking_0015.png,/data/gpfs/projects/punim2826/Smith/Anti-Extraction-v2/data/ui_dataset/ground_truth/pil/banking_0015.json,banking
banking_0016,images/pil/banking_0016.png,/data/gpfs/projects/punim2826/Smith/Anti-Extraction-v2/data/ui_dataset/ground_truth/pil/banking_0016.json,banking
banking_0017,images/pil/banking_0017.png,/data/gpfs/projects/punim2826/Smith/Anti-Extraction-v2/data/ui_dataset/ground_truth/pil/banking_0017.json,banking
banking_0018,images/pil/banking_0018.png,/data/gpfs/projects/punim2826/Smith/Anti-Extraction-v2/data/ui_dataset/ground_truth/pil/banking_0018.json,banking
banking_0019,images/pil/banking_0019.png,/data/gpfs/projects/punim2826/Smith/Anti-Extraction-v2/data/ui_dataset/ground_truth/pil/banking_0019.json,banking
banking_0020,images/pil/banking_0020.png,/data/gpfs/projects/punim2826/Smith/Anti-Extraction-v2/data/ui_dataset/ground_truth/pil/banking_0020.json,banking
banking_0021,images/pil/banking_0021.png,/data/gpfs/projects/punim2826/Smith/Anti-Extraction-v2/data/ui_dataset/ground_truth/pil/banking_0021.json,banking
banking_0022,images/pil/banking_0022.png,/data/gpfs/projects/punim2826/Smith/Anti-Extraction-v2/data/ui_dataset/ground_truth/pil/banking_0022.json,banking
banking_0023,images/pil/banking_0023.png,/data/gpfs/projects/punim2826/Smith/Anti-Extraction-v2/data/ui_dataset/ground_truth/pil/banking_0023.json,banking
banking_0024,images/pil/banking_0024.png,/data/gpfs/projects/punim2826/Smith/Anti-Extraction-v2/data/ui_dataset/ground_truth/pil/banking_0024.json,banking
banking_0025,images/pil/banking_0025.png,/data/gpfs/projects/punim2826/Smith/Anti-Extraction-v2/data/ui_dataset/ground_truth/pil/banking_0025.json,banking
banking_0026,images/pil/banking_0026.png,/data/gpfs/projects/punim2826/Smith/Anti-Extraction-v2/data/ui_dataset/ground_truth/pil/banking_0026.json,banking
banking_0027,images/pil/banking_0027.png,/data/gpfs/projects/punim2826/Smith/Anti-Extraction-v2/data/ui_dataset/ground_truth/pil/banking_0027.json,banking
banking_0028,images/pil/banking_0028.png,/data/gpfs/projects/punim2826/Smith/Anti-Extraction-v2/data/ui_dataset/ground_truth/pil/banking_0028.json,banking
banking_0029,images/pil/banking_0029.png,/data/gpfs/projects/punim2826/Smith/Anti-Extraction-v2/data/ui_dataset/ground_truth/pil/banking_0029.json,banking
banking_0030,images/pil/banking_0030.png,/data/gpfs/projects/punim2826/Smith/Anti-Extraction-v2/data/ui_dataset/ground_truth/pil/banking_0030.json,banking
banking_0031,images/pil/banking_0031.png,/data/gpfs/projects/punim2826/Smith/Anti-Extraction-v2/data/ui_dataset/ground_truth/pil/banking_0031.json,banking
banking_0032,images/pil/banking_0032.png,/data/gpfs/projects/punim2826/Smith/Anti-Extraction-v2/data/ui_dataset/ground_truth/pil/banking_0032.json,banking
banking_0033,images/pil/banking_0033.png,/data/gpfs/projects/punim2826/Smith/Anti-Extraction-v2/data/ui_dataset/ground_truth/pil/banking_0033.json,banking
banking_0034,images/pil/banking_0034.png,/data/gpfs/projects/punim2826/Smith/Anti-Extraction-v2/data/ui_dataset/ground_truth/pil/banking_0034.json,banking
banking_0035,images/pil/banking_0035.png,/data/gpfs/projects/punim2826/Smith/Anti-Extraction-v2/data/ui_dataset/ground_truth/pil/banking_0035.json,banking
banking_0036,images/pil/banking_0036.png,/data/gpfs/projects/punim2826/Smith/Anti-Extraction-v2/data/ui_dataset/ground_truth/pil/banking_0036.json,banking
banking_0037,images/pil/banking_0037.png,/data/gpfs/projects/punim2826/Smith/Anti-Extraction-v2/data/ui_dataset/ground_truth/pil/banking_0037.json,banking
banking_0038,images/pil/banking_0038.png,/data/gpfs/projects/punim2826/Smith/Anti-Extraction-v2/data/ui_dataset/ground_truth/pil/banking_0038.json,banking
banking_0039,images/pil/banking_0039.png,/data/gpfs/projects/punim2826/Smith/Anti-Extraction-v2/data/ui_dataset/ground_truth/pil/banking_0039.json,banking
banking_0040,images/pil/banking_0040.png,/data/gpfs/projects/punim2826/Smith/Anti-Extraction-v2/data/ui_dataset/ground_truth/pil/banking_0040.json,banking
banking_0041,images/pil/banking_0041.png,/data/gpfs/projects/punim2826/Smith/Anti-Extraction-v2/data/ui_dataset/ground_truth/pil/banking_0041.json,banking
banking_0042,images/pil/banking_0042.png,/data/gpfs/projects/punim2826/Smith/Anti-Extraction-v2/data/ui_dataset/ground_truth/pil/banking_0042.json,banking
banking_0043,images/pil/banking_0043.png,/data/gpfs/projects/punim2826/Smith/Anti-Extraction-v2/data/ui_dataset/ground_truth/pil/banking_0043.json,banking
banking_0044,images/pil/banking_0044.png,/data/gpfs/projects/punim2826/Smith/Anti-Extraction-v2/data/ui_dataset/ground_truth/pil/banking_0044.json,banking
banking_0045,images/pil/banking_0045.png,/data/gpfs/projects/punim2826/Smith/Anti-Extraction-v2/data/ui_dataset/ground_truth/pil/banking_0045.json,banking
banking_0046,images/pil/banking_0046.png,/data/gpfs/projects/punim2826/Smith/Anti-Extraction-v2/data/ui_dataset/ground_truth/pil/banking_0046.json,banking
banking_0047,images/pil/banking_0047.png,/data/gpfs/projects/punim2826/Smith/Anti-Extraction-v2/data/ui_dataset/ground_truth/pil/banking_0047.json,banking
banking_0048,images/pil/banking_0048.png,/data/gpfs/projects/punim2826/Smith/Anti-Extraction-v2/data/ui_dataset/ground_truth/pil/banking_0048.json,banking
banking_0049,images/pil/banking_0049.png,/data/gpfs/projects/punim2826/Smith/Anti-Extraction-v2/data/ui_dataset/ground_truth/pil/banking_0049.json,banking
banking_0050,images/pil/banking_0050.png,/data/gpfs/projects/punim2826/Smith/Anti-Extraction-v2/data/ui_dataset/ground_truth/pil/banking_0050.json,banking
banking_0051,images/pil/banking_0051.png,/data/gpfs/projects/punim2826/Smith/Anti-Extraction-v2/data/ui_dataset/ground_truth/pil/banking_0051.json,banking
banking_0052,images/pil/banking_0052.png,/data/gpfs/projects/punim2826/Smith/Anti-Extraction-v2/data/ui_dataset/ground_truth/pil/banking_0052.json,banking
banking_0053,images/pil/banking_0053.png,/data/gpfs/projects/punim2826/Smith/Anti-Extraction-v2/data/ui_dataset/ground_truth/pil/banking_0053.json,banking
banking_0054,images/pil/banking_0054.png,/data/gpfs/projects/punim2826/Smith/Anti-Extraction-v2/data/ui_dataset/ground_truth/pil/banking_0054.json,banking
banking_0055,images/pil/banking_0055.png,/data/gpfs/projects/punim2826/Smith/Anti-Extraction-v2/data/ui_dataset/ground_truth/pil/banking_0055.json,banking
banking_0056,images/pil/banking_0056.png,/data/gpfs/projects/punim2826/Smith/Anti-Extraction-v2/data/ui_dataset/ground_truth/pil/banking_0056.json,banking
banking_0057,images/pil/banking_0057.png,/data/gpfs/projects/punim2826/Smith/Anti-Extraction-v2/data/ui_dataset/ground_truth/pil/banking_0057.json,banking
banking_0058,images/pil/banking_0058.png,/data/gpfs/projects/punim2826/Smith/Anti-Extraction-v2/data/ui_dataset/ground_truth/pil/banking_0058.json,banking
banking_0059,images/pil/banking_0059.png,/data/gpfs/projects/punim2826/Smith/Anti-Extraction-v2/data/ui_dataset/ground_truth/pil/banking_0059.json,banking
banking_0060,images/pil/banking_0060.png,/data/gpfs/projects/punim2826/Smith/Anti-Extraction-v2/data/ui_dataset/ground_truth/pil/banking_0060.json,banking
banking_0061,images/pil/banking_0061.png,/data/gpfs/projects/punim2826/Smith/Anti-Extraction-v2/data/ui_dataset/ground_truth/pil/banking_0061.json,banking
banking_0062,images/pil/banking_0062.png,/data/gpfs/projects/punim2826/Smith/Anti-Extraction-v2/data/ui_dataset/ground_truth/pil/banking_0062.json,banking
banking_0063,images/pil/banking_0063.png,/data/gpfs/projects/punim2826/Smith/Anti-Extraction-v2/data/ui_dataset/ground_truth/pil/banking_0063.json,banking
banking_0064,images/pil/banking_0064.png,/data/gpfs/projects/punim2826/Smith/Anti-Extraction-v2/data/ui_dataset/ground_truth/pil/banking_0064.json,banking
banking_0065,images/pil/banking_0065.png,/data/gpfs/projects/punim2826/Smith/Anti-Extraction-v2/data/ui_dataset/ground_truth/pil/banking_0065.json,banking
banking_0066,images/pil/banking_0066.png,/data/gpfs/projects/punim2826/Smith/Anti-Extraction-v2/data/ui_dataset/ground_truth/pil/banking_0066.json,banking
banking_0067,images/pil/banking_0067.png,/data/gpfs/projects/punim2826/Smith/Anti-Extraction-v2/data/ui_dataset/ground_truth/pil/banking_0067.json,banking
banking_0068,images/pil/banking_0068.png,/data/gpfs/projects/punim2826/Smith/Anti-Extraction-v2/data/ui_dataset/ground_truth/pil/banking_0068.json,banking
banking_0069,images/pil/banking_0069.png,/data/gpfs/projects/punim2826/Smith/Anti-Extraction-v2/data/ui_dataset/ground_truth/pil/banking_0069.json,banking
banking_0070,images/pil/banking_0070.png,/data/gpfs/projects/punim2826/Smith/Anti-Extraction-v2/data/ui_dataset/ground_truth/pil/banking_0070.json,banking
banking_0071,images/pil/banking_0071.png,/data/gpfs/projects/punim2826/Smith/Anti-Extraction-v2/data/ui_dataset/ground_truth/pil/banking_0071.json,banking
banking_0072,images/pil/banking_0072.png,/data/gpfs/projects/punim2826/Smith/Anti-Extraction-v2/data/ui_dataset/ground_truth/pil/banking_0072.json,banking
banking_0073,images/pil/banking_0073.png,/data/gpfs/projects/punim2826/Smith/Anti-Extraction-v2/data/ui_dataset/ground_truth/pil/banking_0073.json,banking
banking_0074,images/pil/banking_0074.png,/data/gpfs/projects/punim2826/Smith/Anti-Extraction-v2/data/ui_dataset/ground_truth/pil/banking_0074.json,banking
banking_0075,images/pil/banking_0075.png,/data/gpfs/projects/punim2826/Smith/Anti-Extraction-v2/data/ui_dataset/ground_truth/pil/banking_0075.json,banking
banking_0076,images/pil/banking_0076.png,/data/gpfs/projects/punim2826/Smith/Anti-Extraction-v2/data/ui_dataset/ground_truth/pil/banking_0076.json,banking
banking_0077,images/pil/banking_0077.png,/data/gpfs/projects/punim2826/Smith/Anti-Extraction-v2/data/ui_dataset/ground_truth/pil/banking_0077.json,banking
banking_0078,images/pil/banking_0078.png,/data/gpfs/projects/punim2826/Smith/Anti-Extraction-v2/data/ui_dataset/ground_truth/pil/banking_0078.json,banking
banking_0079,images/pil/banking_0079.png,/data/gpfs/projects/punim2826/Smith/Anti-Extraction-v2/data/ui_dataset/ground_truth/pil/banking_0079.json,banking
banking_0080,images/pil/banking_0080.png,/data/gpfs/projects/punim2826/Smith/Anti-Extraction-v2/data/ui_dataset/ground_truth/pil/banking_0080.json,banking
banking_0081,images/pil/banking_0081.png,/data/gpfs/projects/punim2826/Smith/Anti-Extraction-v2/data/ui_dataset/ground_truth/pil/banking_0081.json,banking
banking_0082,images/pil/banking_0082.png,/data/gpfs/projects/punim2826/Smith/Anti-Extraction-v2/data/ui_dataset/ground_truth/pil/banking_0082.json,banking
banking_0083,images/pil/banking_0083.png,/data/gpfs/projects/punim2826/Smith/Anti-Extraction-v2/data/ui_dataset/ground_truth/pil/banking_0083.json,banking
banking_0084,images/pil/banking_0084.png,/data/gpfs/projects/punim2826/Smith/Anti-Extraction-v2/data/ui_dataset/ground_truth/pil/banking_0084.json,banking
banking_0085,images/pil/banking_0085.png,/data/gpfs/projects/punim2826/Smith/Anti-Extraction-v2/data/ui_dataset/ground_truth/pil/banking_0085.json,banking
banking_0086,images/pil/banking_0086.png,/data/gpfs/projects/punim2826/Smith/Anti-Extraction-v2/data/ui_dataset/ground_truth/pil/banking_0086.json,banking
banking_0087,images/pil/banking_0087.png,/data/gpfs/projects/punim2826/Smith/Anti-Extraction-v2/data/ui_dataset/ground_truth/pil/banking_0087.json,banking
banking_0088,images/pil/banking_0088.png,/data/gpfs/projects/punim2826/Smith/Anti-Extraction-v2/data/ui_dataset/ground_truth/pil/banking_0088.json,banking
banking_0089,images/pil/banking_0089.png,/data/gpfs/projects/punim2826/Smith/Anti-Extraction-v2/data/ui_dataset/ground_truth/pil/banking_0089.json,banking
banking_0090,images/pil/banking_0090.png,/data/gpfs/projects/punim2826/Smith/Anti-Extraction-v2/data/ui_dataset/ground_truth/pil/banking_0090.json,banking
banking_0091,images/pil/banking_0091.png,/data/gpfs/projects/punim2826/Smith/Anti-Extraction-v2/data/ui_dataset/ground_truth/pil/banking_0091.json,banking
banking_0092,images/pil/banking_0092.png,/data/gpfs/projects/punim2826/Smith/Anti-Extraction-v2/data/ui_dataset/ground_truth/pil/banking_0092.json,banking
banking_0093,images/pil/banking_0093.png,/data/gpfs/projects/punim2826/Smith/Anti-Extraction-v2/data/ui_dataset/ground_truth/pil/banking_0093.json,banking
banking_0094,images/pil/banking_0094.png,/data/gpfs/projects/punim2826/Smith/Anti-Extraction-v2/data/ui_dataset/ground_truth/pil/banking_0094.json,banking
banking_0095,images/pil/banking_0095.png,/data/gpfs/projects/punim2826/Smith/Anti-Extraction-v2/data/ui_dataset/ground_truth/pil/banking_0095.json,banking
banking_0096,images/pil/banking_0096.png,/data/gpfs/projects/punim2826/Smith/Anti-Extraction-v2/data/ui_dataset/ground_truth/pil/banking_0096.json,banking
banking_0097,images/pil/banking_0097.png,/data/gpfs/projects/punim2826/Smith/Anti-Extraction-v2/data/ui_dataset/ground_truth/pil/banking_0097.json,banking
banking_0098,images/pil/banking_0098.png,/data/gpfs/projects/punim2826/Smith/Anti-Extraction-v2/data/ui_dataset/ground_truth/pil/banking_0098.json,banking
banking_0099,images/pil/banking_0099.png,/data/gpfs/projects/punim2826/Smith/Anti-Extraction-v2/data/ui_dataset/ground_truth/pil/banking_0099.json,banking
banking_0100,images/pil/banking_0100.png,/data/gpfs/projects/punim2826/Smith/Anti-Extraction-v2/data/ui_dataset/ground_truth/pil/banking_0100.json,banking
banking_0101,images/pil/banking_0101.png,/data/gpfs/projects/punim2826/Smith/Anti-Extraction-v2/data/ui_dataset/ground_truth/pil/banking_0101.json,banking
banking_0102,images/pil/banking_0102.png,/data/gpfs/projects/punim2826/Smith/Anti-Extraction-v2/data/ui_dataset/ground_truth/pil/banking_0102.json,banking
banking_0103,images/pil/banking_0103.png,/data/gpfs/projects/punim2826/Smith/Anti-Extraction-v2/data/ui_dataset/ground_truth/pil/banking_0103.json,banking
banking_0104,images/pil/banking_0104.png,/data/gpfs/projects/punim2826/Smith/Anti-Extraction-v2/data/ui_dataset/ground_truth/pil/banking_0104.json,banking
banking_0105,images/pil/banking_0105.png,/data/gpfs/projects/punim2826/Smith/Anti-Extraction-v2/data/ui_dataset/ground_truth/pil/banking_0105.json,banking
banking_0106,images/pil/banking_0106.png,/data/gpfs/projects/punim2826/Smith/Anti-Extraction-v2/data/ui_dataset/ground_truth/pil/banking_0106.json,banking
banking_0107,images/pil/banking_0107.png,/data/gpfs/projects/punim2826/Smith/Anti-Extraction-v2/data/ui_dataset/ground_truth/pil/banking_0107.json,banking
banking_0108,images/pil/banking_0108.png,/data/gpfs/projects/punim2826/Smith/Anti-Extraction-v2/data/ui_dataset/ground_truth/pil/banking_0108.json,banking
banking_0109,images/pil/banking_0109.png,/data/gpfs/projects/punim2826/Smith/Anti-Extraction-v2/data/ui_dataset/ground_truth/pil/banking_0109.json,banking
banking_0110,images/pil/banking_0110.png,/data/gpfs/projects/punim2826/Smith/Anti-Extraction-v2/data/ui_dataset/ground_truth/pil/banking_0110.json,banking
banking_0111,images/pil/banking_0111.png,/data/gpfs/projects/punim2826/Smith/Anti-Extraction-v2/data/ui_dataset/ground_truth/pil/banking_0111.json,banking
banking_0112,images/pil/banking_0112.png,/data/gpfs/projects/punim2826/Smith/Anti-Extraction-v2/data/ui_dataset/ground_truth/pil/banking_0112.json,banking
banking_0113,images/pil/banking_0113.png,/data/gpfs/projects/punim2826/Smith/Anti-Extraction-v2/data/ui_dataset/ground_truth/pil/banking_0113.json,banking
banking_0114,images/pil/banking_0114.png,/data/gpfs/projects/punim2826/Smith/Anti-Extraction-v2/data/ui_dataset/ground_truth/pil/banking_0114.json,banking
banking_0115,images/pil/banking_0115.png,/data/gpfs/projects/punim2826/Smith/Anti-Extraction-v2/data/ui_dataset/ground_truth/pil/banking_0115.json,banking
banking_0116,images/pil/banking_0116.png,/data/gpfs/projects/punim2826/Smith/Anti-Extraction-v2/data/ui_dataset/ground_truth/pil/banking_0116.json,banking
banking_0117,images/pil/banking_0117.png,/data/gpfs/projects/punim2826/Smith/Anti-Extraction-v2/data/ui_dataset/ground_truth/pil/banking_0117.json,banking
banking_0118,images/pil/banking_0118.png,/data/gpfs/projects/punim2826/Smith/Anti-Extraction-v2/data/ui_dataset/ground_truth/pil/banking_0118.json,banking
banking_0119,images/pil/banking_0119.png,/data/gpfs/projects/punim2826/Smith/Anti-Extraction-v2/data/ui_dataset/ground_truth/pil/banking_0119.json,banking
banking_0120,images/pil/banking_0120.png,/data/gpfs/projects/punim2826/Smith/Anti-Extraction-v2/data/ui_dataset/ground_truth/pil/banking_0120.json,banking
banking_0121,images/pil/banking_0121.png,/data/gpfs/projects/punim2826/Smith/Anti-Extraction-v2/data/ui_dataset/ground_truth/pil/banking_0121.json,banking
banking_0122,images/pil/banking_0122.png,/data/gpfs/projects/punim2826/Smith/Anti-Extraction-v2/data/ui_dataset/ground_truth/pil/banking_0122.json,banking
banking_0123,images/pil/banking_0123.png,/data/gpfs/projects/punim2826/Smith/Anti-Extraction-v2/data/ui_dataset/ground_truth/pil/banking_0123.json,banking
banking_0124,images/pil/banking_0124.png,/data/gpfs/projects/punim2826/Smith/Anti-Extraction-v2/data/ui_dataset/ground_truth/pil/banking_0124.json,banking
banking_0125,images/pil/banking_0125.png,/data/gpfs/projects/punim2826/Smith/Anti-Extraction-v2/data/ui_dataset/ground_truth/pil/banking_0125.json,banking
banking_0126,images/pil/banking_0126.png,/data/gpfs/projects/punim2826/Smith/Anti-Extraction-v2/data/ui_dataset/ground_truth/pil/banking_0126.json,banking
banking_0127,images/pil/banking_0127.png,/data/gpfs/projects/punim2826/Smith/Anti-Extraction-v2/data/ui_dataset/ground_truth/pil/banking_0127.json,banking
banking_0128,images/pil/banking_0128.png,/data/gpfs/projects/punim2826/Smith/Anti-Extraction-v2/data/ui_dataset/ground_truth/pil/banking_0128.json,banking
banking_0129,images/pil/banking_0129.png,/data/gpfs/projects/punim2826/Smith/Anti-Extraction-v2/data/ui_dataset/ground_truth/pil/banking_0129.json,banking
banking_0130,images/pil/banking_0130.png,/data/gpfs/projects/punim2826/Smith/Anti-Extraction-v2/data/ui_dataset/ground_truth/pil/banking_0130.json,banking
banking_0131,images/pil/banking_0131.png,/data/gpfs/projects/punim2826/Smith/Anti-Extraction-v2/data/ui_dataset/ground_truth/pil/banking_0131.json,banking
banking_0132,images/pil/banking_0132.png,/data/gpfs/projects/punim2826/Smith/Anti-Extraction-v2/data/ui_dataset/ground_truth/pil/banking_0132.json,banking
banking_0133,images/pil/banking_0133.png,/data/gpfs/projects/punim2826/Smith/Anti-Extraction-v2/data/ui_dataset/ground_truth/pil/banking_0133.json,banking
banking_0134,images/pil/banking_0134.png,/data/gpfs/projects/punim2826/Smith/Anti-Extraction-v2/data/ui_dataset/ground_truth/pil/banking_0134.json,banking
banking_0135,images/pil/banking_0135.png,/data/gpfs/projects/punim2826/Smith/Anti-Extraction-v2/data/ui_dataset/ground_truth/pil/banking_0135.json,banking
banking_0136,images/pil/banking_0136.png,/data/gpfs/projects/punim2826/Smith/Anti-Extraction-v2/data/ui_dataset/ground_truth/pil/banking_0136.json,banking
banking_0137,images/pil/banking_0137.png,/data/gpfs/projects/punim2826/Smith/Anti-Extraction-v2/data/ui_dataset/ground_truth/pil/banking_0137.json,banking
banking_0138,images/pil/banking_0138.png,/data/gpfs/projects/punim2826/Smith/Anti-Extraction-v2/data/ui_dataset/ground_truth/pil/banking_0138.json,banking
banking_0139,images/pil/banking_0139.png,/data/gpfs/projects/punim2826/Smith/Anti-Extraction-v2/data/ui_dataset/ground_truth/pil/banking_0139.json,banking
banking_0140,images/pil/banking_0140.png,/data/gpfs/projects/punim2826/Smith/Anti-Extraction-v2/data/ui_dataset/ground_truth/pil/banking_0140.json,banking
banking_0141,images/pil/banking_0141.png,/data/gpfs/projects/punim2826/Smith/Anti-Extraction-v2/data/ui_dataset/ground_truth/pil/banking_0141.json,banking
banking_0142,images/pil/banking_0142.png,/data/gpfs/projects/punim2826/Smith/Anti-Extraction-v2/data/ui_dataset/ground_truth/pil/banking_0142.json,banking
banking_0143,images/pil/banking_0143.png,/data/gpfs/projects/punim2826/Smith/Anti-Extraction-v2/data/ui_dataset/ground_truth/pil/banking_0143.json,banking
banking_0144,images/pil/banking_0144.png,/data/gpfs/projects/punim2826/Smith/Anti-Extraction-v2/data/ui_dataset/ground_truth/pil/banking_0144.json,banking
banking_0145,images/pil/banking_0145.png,/data/gpfs/projects/punim2826/Smith/Anti-Extraction-v2/data/ui_dataset/ground_truth/pil/banking_0145.json,banking
banking_0146,images/pil/banking_0146.png,/data/gpfs/projects/punim2826/Smith/Anti-Extraction-v2/data/ui_dataset/ground_truth/pil/banking_0146.json,banking
banking_0147,images/pil/banking_0147.png,/data/gpfs/projects/punim2826/Smith/Anti-Extraction-v2/data/ui_dataset/ground_truth/pil/banking_0147.json,banking
banking_0148,images/pil/banking_0148.png,/data/gpfs/projects/punim2826/Smith/Anti-Extraction-v2/data/ui_dataset/ground_truth/pil/banking_0148.json,banking
banking_0149,images/pil/banking_0149.png,/data/gpfs/projects/punim2826/Smith/Anti-Extraction-v2/data/ui_dataset/ground_truth/pil/banking_0149.json,banking
banking_0150,images/pil/banking_0150.png,/data/gpfs/projects/punim2826/Smith/Anti-Extraction-v2/data/ui_dataset/ground_truth/pil/banking_0150.json,banking
banking_0151,images/pil/banking_0151.png,/data/gpfs/projects/punim2826/Smith/Anti-Extraction-v2/data/ui_dataset/ground_truth/pil/banking_0151.json,banking
banking_0152,images/pil/banking_0152.png,/data/gpfs/projects/punim2826/Smith/Anti-Extraction-v2/data/ui_dataset/ground_truth/pil/banking_0152.json,banking
banking_0153,images/pil/banking_0153.png,/data/gpfs/projects/punim2826/Smith/Anti-Extraction-v2/data/ui_dataset/ground_truth/pil/banking_0153.json,banking
banking_0154,images/pil/banking_0154.png,/data/gpfs/projects/punim2826/Smith/Anti-Extraction-v2/data/ui_dataset/ground_truth/pil/banking_0154.json,banking
banking_0155,images/pil/banking_0155.png,/data/gpfs/projects/punim2826/Smith/Anti-Extraction-v2/data/ui_dataset/ground_truth/pil/banking_0155.json,banking
banking_0156,images/pil/banking_0156.png,/data/gpfs/projects/punim2826/Smith/Anti-Extraction-v2/data/ui_dataset/ground_truth/pil/banking_0156.json,banking
banking_0157,images/pil/banking_0157.png,/data/gpfs/projects/punim2826/Smith/Anti-Extraction-v2/data/ui_dataset/ground_truth/pil/banking_0157.json,banking
banking_0158,images/pil/banking_0158.png,/data/gpfs/projects/punim2826/Smith/Anti-Extraction-v2/data/ui_dataset/ground_truth/pil/banking_0158.json,banking
banking_0159,images/pil/banking_0159.png,/data/gpfs/projects/punim2826/Smith/Anti-Extraction-v2/data/ui_dataset/ground_truth/pil/banking_0159.json,banking
banking_0160,images/pil/banking_0160.png,/data/gpfs/projects/punim2826/Smith/Anti-Extraction-v2/data/ui_dataset/ground_truth/pil/banking_0160.json,banking
banking_0161,images/pil/banking_0161.png,/data/gpfs/projects/punim2826/Smith/Anti-Extraction-v2/data/ui_dataset/ground_truth/pil/banking_0161.json,banking
banking_0162,images/pil/banking_0162.png,/data/gpfs/projects/punim2826/Smith/Anti-Extraction-v2/data/ui_dataset/ground_truth/pil/banking_0162.json,banking
banking_0163,images/pil/banking_0163.png,/data/gpfs/projects/punim2826/Smith/Anti-Extraction-v2/data/ui_dataset/ground_truth/pil/banking_0163.json,banking
banking_0164,images/pil/banking_0164.png,/data/gpfs/projects/punim2826/Smith/Anti-Extraction-v2/data/ui_dataset/ground_truth/pil/banking_0164.json,banking
banking_0165,images/pil/banking_0165.png,/data/gpfs/projects/punim2826/Smith/Anti-Extraction-v2/data/ui_dataset/ground_truth/pil/banking_0165.json,banking
banking_0166,images/pil/banking_0166.png,/data/gpfs/projects/punim2826/Smith/Anti-Extraction-v2/data/ui_dataset/ground_truth/pil/banking_0166.json,banking
banking_0167,images/pil/banking_0167.png,/data/gpfs/projects/punim2826/Smith/Anti-Extraction-v2/data/ui_dataset/ground_truth/pil/banking_0167.json,banking
banking_0168,images/pil/banking_0168.png,/data/gpfs/projects/punim2826/Smith/Anti-Extraction-v2/data/ui_dataset/ground_truth/pil/banking_0168.json,banking
banking_0169,images/pil/banking_0169.png,/data/gpfs/projects/punim2826/Smith/Anti-Extraction-v2/data/ui_dataset/ground_truth/pil/banking_0169.json,banking
banking_0170,images/pil/banking_0170.png,/data/gpfs/projects/punim2826/Smith/Anti-Extraction-v2/data/ui_dataset/ground_truth/pil/banking_0170.json,banking
banking_0171,images/pil/banking_0171.png,/data/gpfs/projects/punim2826/Smith/Anti-Extraction-v2/data/ui_dataset/ground_truth/pil/banking_0171.json,banking
banking_0172,images/pil/banking_0172.png,/data/gpfs/projects/punim2826/Smith/Anti-Extraction-v2/data/ui_dataset/ground_truth/pil/banking_0172.json,banking
banking_0173,images/pil/banking_0173.png,/data/gpfs/projects/punim2826/Smith/Anti-Extraction-v2/data/ui_dataset/ground_truth/pil/banking_0173.json,banking
banking_0174,images/pil/banking_0174.png,/data/gpfs/projects/punim2826/Smith/Anti-Extraction-v2/data/ui_dataset/ground_truth/pil/banking_0174.json,banking
banking_0175,images/pil/banking_0175.png,/data/gpfs/projects/punim2826/Smith/Anti-Extraction-v2/data/ui_dataset/ground_truth/pil/banking_0175.json,banking
banking_0176,images/pil/banking_0176.png,/data/gpfs/projects/punim2826/Smith/Anti-Extraction-v2/data/ui_dataset/ground_truth/pil/banking_0176.json,banking
banking_0177,images/pil/banking_0177.png,/data/gpfs/projects/punim2826/Smith/Anti-Extraction-v2/data/ui_dataset/ground_truth/pil/banking_0177.json,banking
banking_0178,images/pil/banking_0178.png,/data/gpfs/projects/punim2826/Smith/Anti-Extraction-v2/data/ui_dataset/ground_truth/pil/banking_0178.json,banking
banking_0179,images/pil/banking_0179.png,/data/gpfs/projects/punim2826/Smith/Anti-Extraction-v2/data/ui_dataset/ground_truth/pil/banking_0179.json,banking
banking_0180,images/pil/banking_0180.png,/data/gpfs/projects/punim2826/Smith/Anti-Extraction-v2/data/ui_dataset/ground_truth/pil/banking_0180.json,banking
banking_0181,images/pil/banking_0181.png,/data/gpfs/projects/punim2826/Smith/Anti-Extraction-v2/data/ui_dataset/ground_truth/pil/banking_0181.json,banking
banking_0182,images/pil/banking_0182.png,/data/gpfs/projects/punim2826/Smith/Anti-Extraction-v2/data/ui_dataset/ground_truth/pil/banking_0182.json,banking
banking_0183,images/pil/banking_0183.png,/data/gpfs/projects/punim2826/Smith/Anti-Extraction-v2/data/ui_dataset/ground_truth/pil/banking_0183.json,banking
banking_0184,images/pil/banking_0184.png,/data/gpfs/projects/punim2826/Smith/Anti-Extraction-v2/data/ui_dataset/ground_truth/pil/banking_0184.json,banking
banking_0185,images/pil/banking_0185.png,/data/gpfs/projects/punim2826/Smith/Anti-Extraction-v2/data/ui_dataset/ground_truth/pil/banking_0185.json,banking
banking_0186,images/pil/banking_0186.png,/data/gpfs/projects/punim2826/Smith/Anti-Extraction-v2/data/ui_dataset/ground_truth/pil/banking_0186.json,banking
banking_0187,images/pil/banking_0187.png,/data/gpfs/projects/punim2826/Smith/Anti-Extraction-v2/data/ui_dataset/ground_truth/pil/banking_0187.json,banking
banking_0188,images/pil/banking_0188.png,/data/gpfs/projects/punim2826/Smith/Anti-Extraction-v2/data/ui_dataset/ground_truth/pil/banking_0188.json,banking
banking_0189,images/pil/banking_0189.png,/data/gpfs/projects/punim2826/Smith/Anti-Extraction-v2/data/ui_dataset/ground_truth/pil/banking_0189.json,banking
banking_0190,images/pil/banking_0190.png,/data/gpfs/projects/punim2826/Smith/Anti-Extraction-v2/data/ui_dataset/ground_truth/pil/banking_0190.json,banking
banking_0191,images/pil/banking_0191.png,/data/gpfs/projects/punim2826/Smith/Anti-Extraction-v2/data/ui_dataset/ground_truth/pil/banking_0191.json,banking
banking_0192,images/pil/banking_0192.png,/data/gpfs/projects/punim2826/Smith/Anti-Extraction-v2/data/ui_dataset/ground_truth/pil/banking_0192.json,banking
banking_0193,images/pil/banking_0193.png,/data/gpfs/projects/punim2826/Smith/Anti-Extraction-v2/data/ui_dataset/ground_truth/pil/banking_0193.json,banking
banking_0194,images/pil/banking_0194.png,/data/gpfs/projects/punim2826/Smith/Anti-Extraction-v2/data/ui_dataset/ground_truth/pil/banking_0194.json,banking
banking_0195,images/pil/banking_0195.png,/data/gpfs/projects/punim2826/Smith/Anti-Extraction-v2/data/ui_dataset/ground_truth/pil/banking_0195.json,banking
banking_0196,images/pil/banking_0196.png,/data/gpfs/projects/punim2826/Smith/Anti-Extraction-v2/data/ui_dataset/ground_truth/pil/banking_0196.json,banking
banking_0197,images/pil/banking_0197.png,/data/gpfs/projects/punim2826/Smith/Anti-Extraction-v2/data/ui_dataset/ground_truth/pil/banking_0197.json,banking
banking_0198,images/pil/banking_0198.png,/data/gpfs/projects/punim2826/Smith/Anti-Extraction-v2/data/ui_dataset/ground_truth/pil/banking_0198.json,banking
banking_0199,images/pil/banking_0199.png,/data/gpfs/projects/punim2826/Smith/Anti-Extraction-v2/data/ui_dataset/ground_truth/pil/banking_0199.json,banking
banking_0200,images/pil/banking_0200.png,/data/gpfs/projects/punim2826/Smith/Anti-Extraction-v2/data/ui_dataset/ground_truth/pil/banking_0200.json,banking
banking_0201,images/pil/banking_0201.png,/data/gpfs/projects/punim2826/Smith/Anti-Extraction-v2/data/ui_dataset/ground_truth/pil/banking_0201.json,banking
banking_0202,images/pil/banking_0202.png,/data/gpfs/projects/punim2826/Smith/Anti-Extraction-v2/data/ui_dataset/ground_truth/pil/banking_0202.json,banking
banking_0203,images/pil/banking_0203.png,/data/gpfs/projects/punim2826/Smith/Anti-Extraction-v2/data/ui_dataset/ground_truth/pil/banking_0203.json,banking
banking_0204,images/pil/banking_0204.png,/data/gpfs/projects/punim2826/Smith/Anti-Extraction-v2/data/ui_dataset/ground_truth/pil/banking_0204.json,banking
banking_0205,images/pil/banking_0205.png,/data/gpfs/projects/punim2826/Smith/Anti-Extraction-v2/data/ui_dataset/ground_truth/pil/banking_0205.json,banking
banking_0206,images/pil/banking_0206.png,/data/gpfs/projects/punim2826/Smith/Anti-Extraction-v2/data/ui_dataset/ground_truth/pil/banking_0206.json,banking
banking_0207,images/pil/banking_0207.png,/data/gpfs/projects/punim2826/Smith/Anti-Extraction-v2/data/ui_dataset/ground_truth/pil/banking_0207.json,banking
banking_0208,images/pil/banking_0208.png,/data/gpfs/projects/punim2826/Smith/Anti-Extraction-v2/data/ui_dataset/ground_truth/pil/banking_0208.json,banking
banking_0209,images/pil/banking_0209.png,/data/gpfs/projects/punim2826/Smith/Anti-Extraction-v2/data/ui_dataset/ground_truth/pil/banking_0209.json,banking
banking_0210,images/pil/banking_0210.png,/data/gpfs/projects/punim2826/Smith/Anti-Extraction-v2/data/ui_dataset/ground_truth/pil/banking_0210.json,banking
banking_0211,images/pil/banking_0211.png,/data/gpfs/projects/punim2826/Smith/Anti-Extraction-v2/data/ui_dataset/ground_truth/pil/banking_0211.json,banking
banking_0212,images/pil/banking_0212.png,/data/gpfs/projects/punim2826/Smith/Anti-Extraction-v2/data/ui_dataset/ground_truth/pil/banking_0212.json,banking
banking_0213,images/pil/banking_0213.png,/data/gpfs/projects/punim2826/Smith/Anti-Extraction-v2/data/ui_dataset/ground_truth/pil/banking_0213.json,banking
banking_0214,images/pil/banking_0214.png,/data/gpfs/projects/punim2826/Smith/Anti-Extraction-v2/data/ui_dataset/ground_truth/pil/banking_0214.json,banking
banking_0215,images/pil/banking_0215.png,/data/gpfs/projects/punim2826/Smith/Anti-Extraction-v2/data/ui_dataset/ground_truth/pil/banking_0215.json,banking
banking_0216,images/pil/banking_0216.png,/data/gpfs/projects/punim2826/Smith/Anti-Extraction-v2/data/ui_dataset/ground_truth/pil/banking_0216.json,banking
banking_0217,images/pil/banking_0217.png,/data/gpfs/projects/punim2826/Smith/Anti-Extraction-v2/data/ui_dataset/ground_truth/pil/banking_0217.json,banking
banking_0218,images/pil/banking_0218.png,/data/gpfs/projects/punim2826/Smith/Anti-Extraction-v2/data/ui_dataset/ground_truth/pil/banking_0218.json,banking
banking_0219,images/pil/banking_0219.png,/data/gpfs/projects/punim2826/Smith/Anti-Extraction-v2/data/ui_dataset/ground_truth/pil/banking_0219.json,banking
banking_0220,images/pil/banking_0220.png,/data/gpfs/projects/punim2826/Smith/Anti-Extraction-v2/data/ui_dataset/ground_truth/pil/banking_0220.json,banking
banking_0221,images/pil/banking_0221.png,/data/gpfs/projects/punim2826/Smith/Anti-Extraction-v2/data/ui_dataset/ground_truth/pil/banking_0221.json,banking
banking_0222,images/pil/banking_0222.png,/data/gpfs/projects/punim2826/Smith/Anti-Extraction-v2/data/ui_dataset/ground_truth/pil/banking_0222.json,banking
banking_0223,images/pil/banking_0223.png,/data/gpfs/projects/punim2826/Smith/Anti-Extraction-v2/data/ui_dataset/ground_truth/pil/banking_0223.json,banking
banking_0224,images/pil/banking_0224.png,/data/gpfs/projects/punim2826/Smith/Anti-Extraction-v2/data/ui_dataset/ground_truth/pil/banking_0224.json,banking
banking_0225,images/pil/banking_0225.png,/data/gpfs/projects/punim2826/Smith/Anti-Extraction-v2/data/ui_dataset/ground_truth/pil/banking_0225.json,banking
banking_0226,images/pil/banking_0226.png,/data/gpfs/projects/punim2826/Smith/Anti-Extraction-v2/data/ui_dataset/ground_truth/pil/banking_0226.json,banking
banking_0227,images/pil/banking_0227.png,/data/gpfs/projects/punim2826/Smith/Anti-Extraction-v2/data/ui_dataset/ground_truth/pil/banking_0227.json,banking
banking_0228,images/pil/banking_0228.png,/data/gpfs/projects/punim2826/Smith/Anti-Extraction-v2/data/ui_dataset/ground_truth/pil/banking_0228.json,banking
banking_0229,images/pil/banking_0229.png,/data/gpfs/projects/punim2826/Smith/Anti-Extraction-v2/data/ui_dataset/ground_truth/pil/banking_0229.json,banking
banking_0230,images/pil/banking_0230.png,/data/gpfs/projects/punim2826/Smith/Anti-Extraction-v2/data/ui_dataset/ground_truth/pil/banking_0230.json,banking
banking_0231,images/pil/banking_0231.png,/data/gpfs/projects/punim2826/Smith/Anti-Extraction-v2/data/ui_dataset/ground_truth/pil/banking_0231.json,banking
banking_0232,images/pil/banking_0232.png,/data/gpfs/projects/punim2826/Smith/Anti-Extraction-v2/data/ui_dataset/ground_truth/pil/banking_0232.json,banking
banking_0233,images/pil/banking_0233.png,/data/gpfs/projects/punim2826/Smith/Anti-Extraction-v2/data/ui_dataset/ground_truth/pil/banking_0233.json,banking
banking_0234,images/pil/banking_0234.png,/data/gpfs/projects/punim2826/Smith/Anti-Extraction-v2/data/ui_dataset/ground_truth/pil/banking_0234.json,banking
banking_0235,images/pil/banking_0235.png,/data/gpfs/projects/punim2826/Smith/Anti-Extraction-v2/data/ui_dataset/ground_truth/pil/banking_0235.json,banking
banking_0236,images/pil/banking_0236.png,/data/gpfs/projects/punim2826/Smith/Anti-Extraction-v2/data/ui_dataset/ground_truth/pil/banking_0236.json,banking
banking_0237,images/pil/banking_0237.png,/data/gpfs/projects/punim2826/Smith/Anti-Extraction-v2/data/ui_dataset/ground_truth/pil/banking_0237.json,banking
banking_0238,images/pil/banking_0238.png,/data/gpfs/projects/punim2826/Smith/Anti-Extraction-v2/data/ui_dataset/ground_truth/pil/banking_0238.json,banking
banking_0239,images/pil/banking_0239.png,/data/gpfs/projects/punim2826/Smith/Anti-Extraction-v2/data/ui_dataset/ground_truth/pil/banking_0239.json,banking
banking_0240,images/pil/banking_0240.png,/data/gpfs/projects/punim2826/Smith/Anti-Extraction-v2/data/ui_dataset/ground_truth/pil/banking_0240.json,banking
banking_0241,images/pil/banking_0241.png,/data/gpfs/projects/punim2826/Smith/Anti-Extraction-v2/data/ui_dataset/ground_truth/pil/banking_0241.json,banking
banking_0242,images/pil/banking_0242.png,/data/gpfs/projects/punim2826/Smith/Anti-Extraction-v2/data/ui_dataset/ground_truth/pil/banking_0242.json,banking
banking_0243,images/pil/banking_0243.png,/data/gpfs/projects/punim2826/Smith/Anti-Extraction-v2/data/ui_dataset/ground_truth/pil/banking_0243.json,banking
banking_0244,images/pil/banking_0244.png,/data/gpfs/projects/punim2826/Smith/Anti-Extraction-v2/data/ui_dataset/ground_truth/pil/banking_0244.json,banking
banking_0245,images/pil/banking_0245.png,/data/gpfs/projects/punim2826/Smith/Anti-Extraction-v2/data/ui_dataset/ground_truth/pil/banking_0245.json,banking
banking_0246,images/pil/banking_0246.png,/data/gpfs/projects/punim2826/Smith/Anti-Extraction-v2/data/ui_dataset/ground_truth/pil/banking_0246.json,banking
banking_0247,images/pil/banking_0247.png,/data/gpfs/projects/punim2826/Smith/Anti-Extraction-v2/data/ui_dataset/ground_truth/pil/banking_0247.json,banking
banking_0248,images/pil/banking_0248.png,/data/gpfs/projects/punim2826/Smith/Anti-Extraction-v2/data/ui_dataset/ground_truth/pil/banking_0248.json,banking
banking_0249,images/pil/banking_0249.png,/data/gpfs/projects/punim2826/Smith/Anti-Extraction-v2/data/ui_dataset/ground_truth/pil/banking_0249.json,banking
medical_0000,images/pil/medical_0000.png,/data/gpfs/projects/punim2826/Smith/Anti-Extraction-v2/data/ui_dataset/ground_truth/pil/medical_0000.json,medical
medical_0001,images/pil/medical_0001.png,/data/gpfs/projects/punim2826/Smith/Anti-Extraction-v2/data/ui_dataset/ground_truth/pil/medical_0001.json,medical
medical_0002,images/pil/medical_0002.png,/data/gpfs/projects/punim2826/Smith/Anti-Extraction-v2/data/ui_dataset/ground_truth/pil/medical_0002.json,medical
medical_0003,images/pil/medical_0003.png,/data/gpfs/projects/punim2826/Smith/Anti-Extraction-v2/data/ui_dataset/ground_truth/pil/medical_0003.json,medical
medical_0004,images/pil/medical_0004.png,/data/gpfs/projects/punim2826/Smith/Anti-Extraction-v2/data/ui_dataset/ground_truth/pil/medical_0004.json,medical
medical_0005,images/pil/medical_0005.png,/data/gpfs/projects/punim2826/Smith/Anti-Extraction-v2/data/ui_dataset/ground_truth/pil/medical_0005.json,medical
medical_0006,images/pil/medical_0006.png,/data/gpfs/projects/punim2826/Smith/Anti-Extraction-v2/data/ui_dataset/ground_truth/pil/medical_0006.json,medical
medical_0007,images/pil/medical_0007.png,/data/gpfs/projects/punim2826/Smith/Anti-Extraction-v2/data/ui_dataset/ground_truth/pil/medical_0007.json,medical
medical_0008,images/pil/medical_0008.png,/data/gpfs/projects/punim2826/Smith/Anti-Extraction-v2/data/ui_dataset/ground_truth/pil/medical_0008.json,medical
medical_0009,images/pil/medical_0009.png,/data/gpfs/projects/punim2826/Smith/Anti-Extraction-v2/data/ui_dataset/ground_truth/pil/medical_0009.json,medical
medical_0010,images/pil/medical_0010.png,/data/gpfs/projects/punim2826/Smith/Anti-Extraction-v2/data/ui_dataset/ground_truth/pil/medical_0010.json,medical
medical_0011,images/pil/medical_0011.png,/data/gpfs/projects/punim2826/Smith/Anti-Extraction-v2/data/ui_dataset/ground_truth/pil/medical_0011.json,medical
medical_0012,images/pil/medical_0012.png,/data/gpfs/projects/punim2826/Smith/Anti-Extraction-v2/data/ui_dataset/ground_truth/pil/medical_0012.json,medical
medical_0013,images/pil/medical_0013.png,/data/gpfs/projects/punim2826/Smith/Anti-Extraction-v2/data/ui_dataset/ground_truth/pil/medical_0013.json,medical
medical_0014,images/pil/medical_0014.png,/data/gpfs/projects/punim2826/Smith/Anti-Extraction-v2/data/ui_dataset/ground_truth/pil/medical_0014.json,medical
medical_0015,images/pil/medical_0015.png,/data/gpfs/projects/punim2826/Smith/Anti-Extraction-v2/data/ui_dataset/ground_truth/pil/medical_0015.json,medical
medical_0016,images/pil/medical_0016.png,/data/gpfs/projects/punim2826/Smith/Anti-Extraction-v2/data/ui_dataset/ground_truth/pil/medical_0016.json,medical
medical_0017,images/pil/medical_0017.png,/data/gpfs/projects/punim2826/Smith/Anti-Extraction-v2/data/ui_dataset/ground_truth/pil/medical_0017.json,medical
medical_0018,images/pil/medical_0018.png,/data/gpfs/projects/punim2826/Smith/Anti-Extraction-v2/data/ui_dataset/ground_truth/pil/medical_0018.json,medical
medical_0019,images/pil/medical_0019.png,/data/gpfs/projects/punim2826/Smith/Anti-Extraction-v2/data/ui_dataset/ground_truth/pil/medical_0019.json,medical
medical_0020,images/pil/medical_0020.png,/data/gpfs/projects/punim2826/Smith/Anti-Extraction-v2/data/ui_dataset/ground_truth/pil/medical_0020.json,medical
medical_0021,images/pil/medical_0021.png,/data/gpfs/projects/punim2826/Smith/Anti-Extraction-v2/data/ui_dataset/ground_truth/pil/medical_0021.json,medical
medical_0022,images/pil/medical_0022.png,/data/gpfs/projects/punim2826/Smith/Anti-Extraction-v2/data/ui_dataset/ground_truth/pil/medical_0022.json,medical
medical_0023,images/pil/medical_0023.png,/data/gpfs/projects/punim2826/Smith/Anti-Extraction-v2/data/ui_dataset/ground_truth/pil/medical_0023.json,medical
medical_0024,images/pil/medical_0024.png,/data/gpfs/projects/punim2826/Smith/Anti-Extraction-v2/data/ui_dataset/ground_truth/pil/medical_0024.json,medical
medical_0025,images/pil/medical_0025.png,/data/gpfs/projects/punim2826/Smith/Anti-Extraction-v2/data/ui_dataset/ground_truth/pil/medical_0025.json,medical
medical_0026,images/pil/medical_0026.png,/data/gpfs/projects/punim2826/Smith/Anti-Extraction-v2/data/ui_dataset/ground_truth/pil/medical_0026.json,medical
medical_0027,images/pil/medical_0027.png,/data/gpfs/projects/punim2826/Smith/Anti-Extraction-v2/data/ui_dataset/ground_truth/pil/medical_0027.json,medical
medical_0028,images/pil/medical_0028.png,/data/gpfs/projects/punim2826/Smith/Anti-Extraction-v2/data/ui_dataset/ground_truth/pil/medical_0028.json,medical
medical_0029,images/pil/medical_0029.png,/data/gpfs/projects/punim2826/Smith/Anti-Extraction-v2/data/ui_dataset/ground_truth/pil/medical_0029.json,medical
medical_0030,images/pil/medical_0030.png,/data/gpfs/projects/punim2826/Smith/Anti-Extraction-v2/data/ui_dataset/ground_truth/pil/medical_0030.json,medical
medical_0031,images/pil/medical_0031.png,/data/gpfs/projects/punim2826/Smith/Anti-Extraction-v2/data/ui_dataset/ground_truth/pil/medical_0031.json,medical
medical_0032,images/pil/medical_0032.png,/data/gpfs/projects/punim2826/Smith/Anti-Extraction-v2/data/ui_dataset/ground_truth/pil/medical_0032.json,medical
medical_0033,images/pil/medical_0033.png,/data/gpfs/projects/punim2826/Smith/Anti-Extraction-v2/data/ui_dataset/ground_truth/pil/medical_0033.json,medical
medical_0034,images/pil/medical_0034.png,/data/gpfs/projects/punim2826/Smith/Anti-Extraction-v2/data/ui_dataset/ground_truth/pil/medical_0034.json,medical
medical_0035,images/pil/medical_0035.png,/data/gpfs/projects/punim2826/Smith/Anti-Extraction-v2/data/ui_dataset/ground_truth/pil/medical_0035.json,medical
medical_0036,images/pil/medical_0036.png,/data/gpfs/projects/punim2826/Smith/Anti-Extraction-v2/data/ui_dataset/ground_truth/pil/medical_0036.json,medical
medical_0037,images/pil/medical_0037.png,/data/gpfs/projects/punim2826/Smith/Anti-Extraction-v2/data/ui_dataset/ground_truth/pil/medical_0037.json,medical
medical_0038,images/pil/medical_0038.png,/data/gpfs/projects/punim2826/Smith/Anti-Extraction-v2/data/ui_dataset/ground_truth/pil/medical_0038.json,medical
medical_0039,images/pil/medical_0039.png,/data/gpfs/projects/punim2826/Smith/Anti-Extraction-v2/data/ui_dataset/ground_truth/pil/medical_0039.json,medical
medical_0040,images/pil/medical_0040.png,/data/gpfs/projects/punim2826/Smith/Anti-Extraction-v2/data/ui_dataset/ground_truth/pil/medical_0040.json,medical
medical_0041,images/pil/medical_0041.png,/data/gpfs/projects/punim2826/Smith/Anti-Extraction-v2/data/ui_dataset/ground_truth/pil/medical_0041.json,medical
medical_0042,images/pil/medical_0042.png,/data/gpfs/projects/punim2826/Smith/Anti-Extraction-v2/data/ui_dataset/ground_truth/pil/medical_0042.json,medical
medical_0043,images/pil/medical_0043.png,/data/gpfs/projects/punim2826/Smith/Anti-Extraction-v2/data/ui_dataset/ground_truth/pil/medical_0043.json,medical
medical_0044,images/pil/medical_0044.png,/data/gpfs/projects/punim2826/Smith/Anti-Extraction-v2/data/ui_dataset/ground_truth/pil/medical_0044.json,medical
medical_0045,images/pil/medical_0045.png,/data/gpfs/projects/punim2826/Smith/Anti-Extraction-v2/data/ui_dataset/ground_truth/pil/medical_0045.json,medical
medical_0046,images/pil/medical_0046.png,/data/gpfs/projects/punim2826/Smith/Anti-Extraction-v2/data/ui_dataset/ground_truth/pil/medical_0046.json,medical
medical_0047,images/pil/medical_0047.png,/data/gpfs/projects/punim2826/Smith/Anti-Extraction-v2/data/ui_dataset/ground_truth/pil/medical_0047.json,medical
medical_0048,images/pil/medical_0048.png,/data/gpfs/projects/punim2826/Smith/Anti-Extraction-v2/data/ui_dataset/ground_truth/pil/medical_0048.json,medical
medical_0049,images/pil/medical_0049.png,/data/gpfs/projects/punim2826/Smith/Anti-Extraction-v2/data/ui_dataset/ground_truth/pil/medical_0049.json,medical
medical_0050,images/pil/medical_0050.png,/data/gpfs/projects/punim2826/Smith/Anti-Extraction-v2/data/ui_dataset/ground_truth/pil/medical_0050.json,medical
medical_0051,images/pil/medical_0051.png,/data/gpfs/projects/punim2826/Smith/Anti-Extraction-v2/data/ui_dataset/ground_truth/pil/medical_0051.json,medical
medical_0052,images/pil/medical_0052.png,/data/gpfs/projects/punim2826/Smith/Anti-Extraction-v2/data/ui_dataset/ground_truth/pil/medical_0052.json,medical
medical_0053,images/pil/medical_0053.png,/data/gpfs/projects/punim2826/Smith/Anti-Extraction-v2/data/ui_dataset/ground_truth/pil/medical_0053.json,medical
medical_0054,images/pil/medical_0054.png,/data/gpfs/projects/punim2826/Smith/Anti-Extraction-v2/data/ui_dataset/ground_truth/pil/medical_0054.json,medical
medical_0055,images/pil/medical_0055.png,/data/gpfs/projects/punim2826/Smith/Anti-Extraction-v2/data/ui_dataset/ground_truth/pil/medical_0055.json,medical
medical_0056,images/pil/medical_0056.png,/data/gpfs/projects/punim2826/Smith/Anti-Extraction-v2/data/ui_dataset/ground_truth/pil/medical_0056.json,medical
medical_0057,images/pil/medical_0057.png,/data/gpfs/projects/punim2826/Smith/Anti-Extraction-v2/data/ui_dataset/ground_truth/pil/medical_0057.json,medical
medical_0058,images/pil/medical_0058.png,/data/gpfs/projects/punim2826/Smith/Anti-Extraction-v2/data/ui_dataset/ground_truth/pil/medical_0058.json,medical
medical_0059,images/pil/medical_0059.png,/data/gpfs/projects/punim2826/Smith/Anti-Extraction-v2/data/ui_dataset/ground_truth/pil/medical_0059.json,medical
medical_0060,images/pil/medical_0060.png,/data/gpfs/projects/punim2826/Smith/Anti-Extraction-v2/data/ui_dataset/ground_truth/pil/medical_0060.json,medical
medical_0061,images/pil/medical_0061.png,/data/gpfs/projects/punim2826/Smith/Anti-Extraction-v2/data/ui_dataset/ground_truth/pil/medical_0061.json,medical
medical_0062,images/pil/medical_0062.png,/data/gpfs/projects/punim2826/Smith/Anti-Extraction-v2/data/ui_dataset/ground_truth/pil/medical_0062.json,medical
medical_0063,images/pil/medical_0063.png,/data/gpfs/projects/punim2826/Smith/Anti-Extraction-v2/data/ui_dataset/ground_truth/pil/medical_0063.json,medical
medical_0064,images/pil/medical_0064.png,/data/gpfs/projects/punim2826/Smith/Anti-Extraction-v2/data/ui_dataset/ground_truth/pil/medical_0064.json,medical
medical_0065,images/pil/medical_0065.png,/data/gpfs/projects/punim2826/Smith/Anti-Extraction-v2/data/ui_dataset/ground_truth/pil/medical_0065.json,medical
medical_0066,images/pil/medical_0066.png,/data/gpfs/projects/punim2826/Smith/Anti-Extraction-v2/data/ui_dataset/ground_truth/pil/medical_0066.json,medical
medical_0067,images/pil/medical_0067.png,/data/gpfs/projects/punim2826/Smith/Anti-Extraction-v2/data/ui_dataset/ground_truth/pil/medical_0067.json,medical
medical_0068,images/pil/medical_0068.png,/data/gpfs/projects/punim2826/Smith/Anti-Extraction-v2/data/ui_dataset/ground_truth/pil/medical_0068.json,medical
medical_0069,images/pil/medical_0069.png,/data/gpfs/projects/punim2826/Smith/Anti-Extraction-v2/data/ui_dataset/ground_truth/pil/medical_0069.json,medical
medical_0070,images/pil/medical_0070.png,/data/gpfs/projects/punim2826/Smith/Anti-Extraction-v2/data/ui_dataset/ground_truth/pil/medical_0070.json,medical
medical_0071,images/pil/medical_0071.png,/data/gpfs/projects/punim2826/Smith/Anti-Extraction-v2/data/ui_dataset/ground_truth/pil/medical_0071.json,medical
medical_0072,images/pil/medical_0072.png,/data/gpfs/projects/punim2826/Smith/Anti-Extraction-v2/data/ui_dataset/ground_truth/pil/medical_0072.json,medical
medical_0073,images/pil/medical_0073.png,/data/gpfs/projects/punim2826/Smith/Anti-Extraction-v2/data/ui_dataset/ground_truth/pil/medical_0073.json,medical
medical_0074,images/pil/medical_0074.png,/data/gpfs/projects/punim2826/Smith/Anti-Extraction-v2/data/ui_dataset/ground_truth/pil/medical_0074.json,medical
medical_0075,images/pil/medical_0075.png,/data/gpfs/projects/punim2826/Smith/Anti-Extraction-v2/data/ui_dataset/ground_truth/pil/medical_0075.json,medical
medical_0076,images/pil/medical_0076.png,/data/gpfs/projects/punim2826/Smith/Anti-Extraction-v2/data/ui_dataset/ground_truth/pil/medical_0076.json,medical
medical_0077,images/pil/medical_0077.png,/data/gpfs/projects/punim2826/Smith/Anti-Extraction-v2/data/ui_dataset/ground_truth/pil/medical_0077.json,medical
medical_0078,images/pil/medical_0078.png,/data/gpfs/projects/punim2826/Smith/Anti-Extraction-v2/data/ui_dataset/ground_truth/pil/medical_0078.json,medical
medical_0079,images/pil/medical_0079.png,/data/gpfs/projects/punim2826/Smith/Anti-Extraction-v2/data/ui_dataset/ground_truth/pil/medical_0079.json,medical
medical_0080,images/pil/medical_0080.png,/data/gpfs/projects/punim2826/Smith/Anti-Extraction-v2/data/ui_dataset/ground_truth/pil/medical_0080.json,medical
medical_0081,images/pil/medical_0081.png,/data/gpfs/projects/punim2826/Smith/Anti-Extraction-v2/data/ui_dataset/ground_truth/pil/medical_0081.json,medical
medical_0082,images/pil/medical_0082.png,/data/gpfs/projects/punim2826/Smith/Anti-Extraction-v2/data/ui_dataset/ground_truth/pil/medical_0082.json,medical
medical_0083,images/pil/medical_0083.png,/data/gpfs/projects/punim2826/Smith/Anti-Extraction-v2/data/ui_dataset/ground_truth/pil/medical_0083.json,medical
medical_0084,images/pil/medical_0084.png,/data/gpfs/projects/punim2826/Smith/Anti-Extraction-v2/data/ui_dataset/ground_truth/pil/medical_0084.json,medical
medical_0085,images/pil/medical_0085.png,/data/gpfs/projects/punim2826/Smith/Anti-Extraction-v2/data/ui_dataset/ground_truth/pil/medical_0085.json,medical
medical_0086,images/pil/medical_0086.png,/data/gpfs/projects/punim2826/Smith/Anti-Extraction-v2/data/ui_dataset/ground_truth/pil/medical_0086.json,medical
medical_0087,images/pil/medical_0087.png,/data/gpfs/projects/punim2826/Smith/Anti-Extraction-v2/data/ui_dataset/ground_truth/pil/medical_0087.json,medical
medical_0088,images/pil/medical_0088.png,/data/gpfs/projects/punim2826/Smith/Anti-Extraction-v2/data/ui_dataset/ground_truth/pil/medical_0088.json,medical
medical_0089,images/pil/medical_0089.png,/data/gpfs/projects/punim2826/Smith/Anti-Extraction-v2/data/ui_dataset/ground_truth/pil/medical_0089.json,medical
medical_0090,images/pil/medical_0090.png,/data/gpfs/projects/punim2826/Smith/Anti-Extraction-v2/data/ui_dataset/ground_truth/pil/medical_0090.json,medical
medical_0091,images/pil/medical_0091.png,/data/gpfs/projects/punim2826/Smith/Anti-Extraction-v2/data/ui_dataset/ground_truth/pil/medical_0091.json,medical
medical_0092,images/pil/medical_0092.png,/data/gpfs/projects/punim2826/Smith/Anti-Extraction-v2/data/ui_dataset/ground_truth/pil/medical_0092.json,medical
medical_0093,images/pil/medical_0093.png,/data/gpfs/projects/punim2826/Smith/Anti-Extraction-v2/data/ui_dataset/ground_truth/pil/medical_0093.json,medical
medical_0094,images/pil/medical_0094.png,/data/gpfs/projects/punim2826/Smith/Anti-Extraction-v2/data/ui_dataset/ground_truth/pil/medical_0094.json,medical
medical_0095,images/pil/medical_0095.png,/data/gpfs/projects/punim2826/Smith/Anti-Extraction-v2/data/ui_dataset/ground_truth/pil/medical_0095.json,medical
medical_0096,images/pil/medical_0096.png,/data/gpfs/projects/punim2826/Smith/Anti-Extraction-v2/data/ui_dataset/ground_truth/pil/medical_0096.json,medical
medical_0097,images/pil/medical_0097.png,/data/gpfs/projects/punim2826/Smith/Anti-Extraction-v2/data/ui_dataset/ground_truth/pil/medical_0097.json,medical
medical_0098,images/pil/medical_0098.png,/data/gpfs/projects/punim2826/Smith/Anti-Extraction-v2/data/ui_dataset/ground_truth/pil/medical_0098.json,medical
medical_0099,images/pil/medical_0099.png,/data/gpfs/projects/punim2826/Smith/Anti-Extraction-v2/data/ui_dataset/ground_truth/pil/medical_0099.json,medical
medical_0100,images/pil/medical_0100.png,/data/gpfs/projects/punim2826/Smith/Anti-Extraction-v2/data/ui_dataset/ground_truth/pil/medical_0100.json,medical
medical_0101,images/pil/medical_0101.png,/data/gpfs/projects/punim2826/Smith/Anti-Extraction-v2/data/ui_dataset/ground_truth/pil/medical_0101.json,medical
medical_0102,images/pil/medical_0102.png,/data/gpfs/projects/punim2826/Smith/Anti-Extraction-v2/data/ui_dataset/ground_truth/pil/medical_0102.json,medical
medical_0103,images/pil/medical_0103.png,/data/gpfs/projects/punim2826/Smith/Anti-Extraction-v2/data/ui_dataset/ground_truth/pil/medical_0103.json,medical
medical_0104,images/pil/medical_0104.png,/data/gpfs/projects/punim2826/Smith/Anti-Extraction-v2/data/ui_dataset/ground_truth/pil/medical_0104.json,medical
medical_0105,images/pil/medical_0105.png,/data/gpfs/projects/punim2826/Smith/Anti-Extraction-v2/data/ui_dataset/ground_truth/pil/medical_0105.json,medical
medical_0106,images/pil/medical_0106.png,/data/gpfs/projects/punim2826/Smith/Anti-Extraction-v2/data/ui_dataset/ground_truth/pil/medical_0106.json,medical
medical_0107,images/pil/medical_0107.png,/data/gpfs/projects/punim2826/Smith/Anti-Extraction-v2/data/ui_dataset/ground_truth/pil/medical_0107.json,medical
medical_0108,images/pil/medical_0108.png,/data/gpfs/projects/punim2826/Smith/Anti-Extraction-v2/data/ui_dataset/ground_truth/pil/medical_0108.json,medical
medical_0109,images/pil/medical_0109.png,/data/gpfs/projects/punim2826/Smith/Anti-Extraction-v2/data/ui_dataset/ground_truth/pil/medical_0109.json,medical
medical_0110,images/pil/medical_0110.png,/data/gpfs/projects/punim2826/Smith/Anti-Extraction-v2/data/ui_dataset/ground_truth/pil/medical_0110.json,medical
medical_0111,images/pil/medical_0111.png,/data/gpfs/projects/punim2826/Smith/Anti-Extraction-v2/data/ui_dataset/ground_truth/pil/medical_0111.json,medical
medical_0112,images/pil/medical_0112.png,/data/gpfs/projects/punim2826/Smith/Anti-Extraction-v2/data/ui_dataset/ground_truth/pil/medical_0112.json,medical
medical_0113,images/pil/medical_0113.png,/data/gpfs/projects/punim2826/Smith/Anti-Extraction-v2/data/ui_dataset/ground_truth/pil/medical_0113.json,medical
medical_0114,images/pil/medical_0114.png,/data/gpfs/projects/punim2826/Smith/Anti-Extraction-v2/data/ui_dataset/ground_truth/pil/medical_0114.json,medical
medical_0115,images/pil/medical_0115.png,/data/gpfs/projects/punim2826/Smith/Anti-Extraction-v2/data/ui_dataset/ground_truth/pil/medical_0115.json,medical
medical_0116,images/pil/medical_0116.png,/data/gpfs/projects/punim2826/Smith/Anti-Extraction-v2/data/ui_dataset/ground_truth/pil/medical_0116.json,medical
medical_0117,images/pil/medical_0117.png,/data/gpfs/projects/punim2826/Smith/Anti-Extraction-v2/data/ui_dataset/ground_truth/pil/medical_0117.json,medical
medical_0118,images/pil/medical_0118.png,/data/gpfs/projects/punim2826/Smith/Anti-Extraction-v2/data/ui_dataset/ground_truth/pil/medical_0118.json,medical
medical_0119,images/pil/medical_0119.png,/data/gpfs/projects/punim2826/Smith/Anti-Extraction-v2/data/ui_dataset/ground_truth/pil/medical_0119.json,medical
medical_0120,images/pil/medical_0120.png,/data/gpfs/projects/punim2826/Smith/Anti-Extraction-v2/data/ui_dataset/ground_truth/pil/medical_0120.json,medical
medical_0121,images/pil/medical_0121.png,/data/gpfs/projects/punim2826/Smith/Anti-Extraction-v2/data/ui_dataset/ground_truth/pil/medical_0121.json,medical
medical_0122,images/pil/medical_0122.png,/data/gpfs/projects/punim2826/Smith/Anti-Extraction-v2/data/ui_dataset/ground_truth/pil/medical_0122.json,medical
medical_0123,images/pil/medical_0123.png,/data/gpfs/projects/punim2826/Smith/Anti-Extraction-v2/data/ui_dataset/ground_truth/pil/medical_0123.json,medical
medical_0124,images/pil/medical_0124.png,/data/gpfs/projects/punim2826/Smith/Anti-Extraction-v2/data/ui_dataset/ground_truth/pil/medical_0124.json,medical
medical_0125,images/pil/medical_0125.png,/data/gpfs/projects/punim2826/Smith/Anti-Extraction-v2/data/ui_dataset/ground_truth/pil/medical_0125.json,medical
medical_0126,images/pil/medical_0126.png,/data/gpfs/projects/punim2826/Smith/Anti-Extraction-v2/data/ui_dataset/ground_truth/pil/medical_0126.json,medical
medical_0127,images/pil/medical_0127.png,/data/gpfs/projects/punim2826/Smith/Anti-Extraction-v2/data/ui_dataset/ground_truth/pil/medical_0127.json,medical
medical_0128,images/pil/medical_0128.png,/data/gpfs/projects/punim2826/Smith/Anti-Extraction-v2/data/ui_dataset/ground_truth/pil/medical_0128.json,medical
medical_0129,images/pil/medical_0129.png,/data/gpfs/projects/punim2826/Smith/Anti-Extraction-v2/data/ui_dataset/ground_truth/pil/medical_0129.json,medical
medical_0130,images/pil/medical_0130.png,/data/gpfs/projects/punim2826/Smith/Anti-Extraction-v2/data/ui_dataset/ground_truth/pil/medical_0130.json,medical
medical_0131,images/pil/medical_0131.png,/data/gpfs/projects/punim2826/Smith/Anti-Extraction-v2/data/ui_dataset/ground_truth/pil/medical_0131.json,medical
medical_0132,images/pil/medical_0132.png,/data/gpfs/projects/punim2826/Smith/Anti-Extraction-v2/data/ui_dataset/ground_truth/pil/medical_0132.json,medical
medical_0133,images/pil/medical_0133.png,/data/gpfs/projects/punim2826/Smith/Anti-Extraction-v2/data/ui_dataset/ground_truth/pil/medical_0133.json,medical
medical_0134,images/pil/medical_0134.png,/data/gpfs/projects/punim2826/Smith/Anti-Extraction-v2/data/ui_dataset/ground_truth/pil/medical_0134.json,medical
medical_0135,images/pil/medical_0135.png,/data/gpfs/projects/punim2826/Smith/Anti-Extraction-v2/data/ui_dataset/ground_truth/pil/medical_0135.json,medical
medical_0136,images/pil/medical_0136.png,/data/gpfs/projects/punim2826/Smith/Anti-Extraction-v2/data/ui_dataset/ground_truth/pil/medical_0136.json,medical
medical_0137,images/pil/medical_0137.png,/data/gpfs/projects/punim2826/Smith/Anti-Extraction-v2/data/ui_dataset/ground_truth/pil/medical_0137.json,medical
medical_0138,images/pil/medical_0138.png,/data/gpfs/projects/punim2826/Smith/Anti-Extraction-v2/data/ui_dataset/ground_truth/pil/medical_0138.json,medical
medical_0139,images/pil/medical_0139.png,/data/gpfs/projects/punim2826/Smith/Anti-Extraction-v2/data/ui_dataset/ground_truth/pil/medical_0139.json,medical
medical_0140,images/pil/medical_0140.png,/data/gpfs/projects/punim2826/Smith/Anti-Extraction-v2/data/ui_dataset/ground_truth/pil/medical_0140.json,medical
medical_0141,images/pil/medical_0141.png,/data/gpfs/projects/punim2826/Smith/Anti-Extraction-v2/data/ui_dataset/ground_truth/pil/medical_0141.json,medical
medical_0142,images/pil/medical_0142.png,/data/gpfs/projects/punim2826/Smith/Anti-Extraction-v2/data/ui_dataset/ground_truth/pil/medical_0142.json,medical
medical_0143,images/pil/medical_0143.png,/data/gpfs/projects/punim2826/Smith/Anti-Extraction-v2/data/ui_dataset/ground_truth/pil/medical_0143.json,medical
medical_0144,images/pil/medical_0144.png,/data/gpfs/projects/punim2826/Smith/Anti-Extraction-v2/data/ui_dataset/ground_truth/pil/medical_0144.json,medical
medical_0145,images/pil/medical_0145.png,/data/gpfs/projects/punim2826/Smith/Anti-Extraction-v2/data/ui_dataset/ground_truth/pil/medical_0145.json,medical
medical_0146,images/pil/medical_0146.png,/data/gpfs/projects/punim2826/Smith/Anti-Extraction-v2/data/ui_dataset/ground_truth/pil/medical_0146.json,medical
medical_0147,images/pil/medical_0147.png,/data/gpfs/projects/punim2826/Smith/Anti-Extraction-v2/data/ui_dataset/ground_truth/pil/medical_0147.json,medical
medical_0148,images/pil/medical_0148.png,/data/gpfs/projects/punim2826/Smith/Anti-Extraction-v2/data/ui_dataset/ground_truth/pil/medical_0148.json,medical
medical_0149,images/pil/medical_0149.png,/data/gpfs/projects/punim2826/Smith/Anti-Extraction-v2/data/ui_dataset/ground_truth/pil/medical_0149.json,medical
medical_0150,images/pil/medical_0150.png,/data/gpfs/projects/punim2826/Smith/Anti-Extraction-v2/data/ui_dataset/ground_truth/pil/medical_0150.json,medical
medical_0151,images/pil/medical_0151.png,/data/gpfs/projects/punim2826/Smith/Anti-Extraction-v2/data/ui_dataset/ground_truth/pil/medical_0151.json,medical
medical_0152,images/pil/medical_0152.png,/data/gpfs/projects/punim2826/Smith/Anti-Extraction-v2/data/ui_dataset/ground_truth/pil/medical_0152.json,medical
medical_0153,images/pil/medical_0153.png,/data/gpfs/projects/punim2826/Smith/Anti-Extraction-v2/data/ui_dataset/ground_truth/pil/medical_0153.json,medical
medical_0154,images/pil/medical_0154.png,/data/gpfs/projects/punim2826/Smith/Anti-Extraction-v2/data/ui_dataset/ground_truth/pil/medical_0154.json,medical
medical_0155,images/pil/medical_0155.png,/data/gpfs/projects/punim2826/Smith/Anti-Extraction-v2/data/ui_dataset/ground_truth/pil/medical_0155.json,medical
medical_0156,images/pil/medical_0156.png,/data/gpfs/projects/punim2826/Smith/Anti-Extraction-v2/data/ui_dataset/ground_truth/pil/medical_0156.json,medical
medical_0157,images/pil/medical_0157.png,/data/gpfs/projects/punim2826/Smith/Anti-Extraction-v2/data/ui_dataset/ground_truth/pil/medical_0157.json,medical
medical_0158,images/pil/medical_0158.png,/data/gpfs/projects/punim2826/Smith/Anti-Extraction-v2/data/ui_dataset/ground_truth/pil/medical_0158.json,medical
medical_0159,images/pil/medical_0159.png,/data/gpfs/projects/punim2826/Smith/Anti-Extraction-v2/data/ui_dataset/ground_truth/pil/medical_0159.json,medical
medical_0160,images/pil/medical_0160.png,/data/gpfs/projects/punim2826/Smith/Anti-Extraction-v2/data/ui_dataset/ground_truth/pil/medical_0160.json,medical
medical_0161,images/pil/medical_0161.png,/data/gpfs/projects/punim2826/Smith/Anti-Extraction-v2/data/ui_dataset/ground_truth/pil/medical_0161.json,medical
medical_0162,images/pil/medical_0162.png,/data/gpfs/projects/punim2826/Smith/Anti-Extraction-v2/data/ui_dataset/ground_truth/pil/medical_0162.json,medical
medical_0163,images/pil/medical_0163.png,/data/gpfs/projects/punim2826/Smith/Anti-Extraction-v2/data/ui_dataset/ground_truth/pil/medical_0163.json,medical
medical_0164,images/pil/medical_0164.png,/data/gpfs/projects/punim2826/Smith/Anti-Extraction-v2/data/ui_dataset/ground_truth/pil/medical_0164.json,medical
medical_0165,images/pil/medical_0165.png,/data/gpfs/projects/punim2826/Smith/Anti-Extraction-v2/data/ui_dataset/ground_truth/pil/medical_0165.json,medical
medical_0166,images/pil/medical_0166.png,/data/gpfs/projects/punim2826/Smith/Anti-Extraction-v2/data/ui_dataset/ground_truth/pil/medical_0166.json,medical
medical_0167,images/pil/medical_0167.png,/data/gpfs/projects/punim2826/Smith/Anti-Extraction-v2/data/ui_dataset/ground_truth/pil/medical_0167.json,medical
medical_0168,images/pil/medical_0168.png,/data/gpfs/projects/punim2826/Smith/Anti-Extraction-v2/data/ui_dataset/ground_truth/pil/medical_0168.json,medical
medical_0169,images/pil/medical_0169.png,/data/gpfs/projects/punim2826/Smith/Anti-Extraction-v2/data/ui_dataset/ground_truth/pil/medical_0169.json,medical
medical_0170,images/pil/medical_0170.png,/data/gpfs/projects/punim2826/Smith/Anti-Extraction-v2/data/ui_dataset/ground_truth/pil/medical_0170.json,medical
medical_0171,images/pil/medical_0171.png,/data/gpfs/projects/punim2826/Smith/Anti-Extraction-v2/data/ui_dataset/ground_truth/pil/medical_0171.json,medical
medical_0172,images/pil/medical_0172.png,/data/gpfs/projects/punim2826/Smith/Anti-Extraction-v2/data/ui_dataset/ground_truth/pil/medical_0172.json,medical
medical_0173,images/pil/medical_0173.png,/data/gpfs/projects/punim2826/Smith/Anti-Extraction-v2/data/ui_dataset/ground_truth/pil/medical_0173.json,medical
medical_0174,images/pil/medical_0174.png,/data/gpfs/projects/punim2826/Smith/Anti-Extraction-v2/data/ui_dataset/ground_truth/pil/medical_0174.json,medical
medical_0175,images/pil/medical_0175.png,/data/gpfs/projects/punim2826/Smith/Anti-Extraction-v2/data/ui_dataset/ground_truth/pil/medical_0175.json,medical
medical_0176,images/pil/medical_0176.png,/data/gpfs/projects/punim2826/Smith/Anti-Extraction-v2/data/ui_dataset/ground_truth/pil/medical_0176.json,medical
medical_0177,images/pil/medical_0177.png,/data/gpfs/projects/punim2826/Smith/Anti-Extraction-v2/data/ui_dataset/ground_truth/pil/medical_0177.json,medical
medical_0178,images/pil/medical_0178.png,/data/gpfs/projects/punim2826/Smith/Anti-Extraction-v2/data/ui_dataset/ground_truth/pil/medical_0178.json,medical
medical_0179,images/pil/medical_0179.png,/data/gpfs/projects/punim2826/Smith/Anti-Extraction-v2/data/ui_dataset/ground_truth/pil/medical_0179.json,medical
medical_0180,images/pil/medical_0180.png,/data/gpfs/projects/punim2826/Smith/Anti-Extraction-v2/data/ui_dataset/ground_truth/pil/medical_0180.json,medical
medical_0181,images/pil/medical_0181.png,/data/gpfs/projects/punim2826/Smith/Anti-Extraction-v2/data/ui_dataset/ground_truth/pil/medical_0181.json,medical
medical_0182,images/pil/medical_0182.png,/data/gpfs/projects/punim2826/Smith/Anti-Extraction-v2/data/ui_dataset/ground_truth/pil/medical_0182.json,medical
medical_0183,images/pil/medical_0183.png,/data/gpfs/projects/punim2826/Smith/Anti-Extraction-v2/data/ui_dataset/ground_truth/pil/medical_0183.json,medical
medical_0184,images/pil/medical_0184.png,/data/gpfs/projects/punim2826/Smith/Anti-Extraction-v2/data/ui_dataset/ground_truth/pil/medical_0184.json,medical
medical_0185,images/pil/medical_0185.png,/data/gpfs/projects/punim2826/Smith/Anti-Extraction-v2/data/ui_dataset/ground_truth/pil/medical_0185.json,medical
medical_0186,images/pil/medical_0186.png,/data/gpfs/projects/punim2826/Smith/Anti-Extraction-v2/data/ui_dataset/ground_truth/pil/medical_0186.json,medical
medical_0187,images/pil/medical_0187.png,/data/gpfs/projects/punim2826/Smith/Anti-Extraction-v2/data/ui_dataset/ground_truth/pil/medical_0187.json,medical
medical_0188,images/pil/medical_0188.png,/data/gpfs/projects/punim2826/Smith/Anti-Extraction-v2/data/ui_dataset/ground_truth/pil/medical_0188.json,medical
medical_0189,images/pil/medical_0189.png,/data/gpfs/projects/punim2826/Smith/Anti-Extraction-v2/data/ui_dataset/ground_truth/pil/medical_0189.json,medical
medical_0190,images/pil/medical_0190.png,/data/gpfs/projects/punim2826/Smith/Anti-Extraction-v2/data/ui_dataset/ground_truth/pil/medical_0190.json,medical
medical_0191,images/pil/medical_0191.png,/data/gpfs/projects/punim2826/Smith/Anti-Extraction-v2/data/ui_dataset/ground_truth/pil/medical_0191.json,medical
medical_0192,images/pil/medical_0192.png,/data/gpfs/projects/punim2826/Smith/Anti-Extraction-v2/data/ui_dataset/ground_truth/pil/medical_0192.json,medical
medical_0193,images/pil/medical_0193.png,/data/gpfs/projects/punim2826/Smith/Anti-Extraction-v2/data/ui_dataset/ground_truth/pil/medical_0193.json,medical
medical_0194,images/pil/medical_0194.png,/data/gpfs/projects/punim2826/Smith/Anti-Extraction-v2/data/ui_dataset/ground_truth/pil/medical_0194.json,medical
medical_0195,images/pil/medical_0195.png,/data/gpfs/projects/punim2826/Smith/Anti-Extraction-v2/data/ui_dataset/ground_truth/pil/medical_0195.json,medical
medical_0196,images/pil/medical_0196.png,/data/gpfs/projects/punim2826/Smith/Anti-Extraction-v2/data/ui_dataset/ground_truth/pil/medical_0196.json,medical
medical_0197,images/pil/medical_0197.png,/data/gpfs/projects/punim2826/Smith/Anti-Extraction-v2/data/ui_dataset/ground_truth/pil/medical_0197.json,medical
medical_0198,images/pil/medical_0198.png,/data/gpfs/projects/punim2826/Smith/Anti-Extraction-v2/data/ui_dataset/ground_truth/pil/medical_0198.json,medical
medical_0199,images/pil/medical_0199.png,/data/gpfs/projects/punim2826/Smith/Anti-Extraction-v2/data/ui_dataset/ground_truth/pil/medical_0199.json,medical
medical_0200,images/pil/medical_0200.png,/data/gpfs/projects/punim2826/Smith/Anti-Extraction-v2/data/ui_dataset/ground_truth/pil/medical_0200.json,medical
medical_0201,images/pil/medical_0201.png,/data/gpfs/projects/punim2826/Smith/Anti-Extraction-v2/data/ui_dataset/ground_truth/pil/medical_0201.json,medical
medical_0202,images/pil/medical_0202.png,/data/gpfs/projects/punim2826/Smith/Anti-Extraction-v2/data/ui_dataset/ground_truth/pil/medical_0202.json,medical
medical_0203,images/pil/medical_0203.png,/data/gpfs/projects/punim2826/Smith/Anti-Extraction-v2/data/ui_dataset/ground_truth/pil/medical_0203.json,medical
medical_0204,images/pil/medical_0204.png,/data/gpfs/projects/punim2826/Smith/Anti-Extraction-v2/data/ui_dataset/ground_truth/pil/medical_0204.json,medical
medical_0205,images/pil/medical_0205.png,/data/gpfs/projects/punim2826/Smith/Anti-Extraction-v2/data/ui_dataset/ground_truth/pil/medical_0205.json,medical
medical_0206,images/pil/medical_0206.png,/data/gpfs/projects/punim2826/Smith/Anti-Extraction-v2/data/ui_dataset/ground_truth/pil/medical_0206.json,medical
medical_0207,images/pil/medical_0207.png,/data/gpfs/projects/punim2826/Smith/Anti-Extraction-v2/data/ui_dataset/ground_truth/pil/medical_0207.json,medical
medical_0208,images/pil/medical_0208.png,/data/gpfs/projects/punim2826/Smith/Anti-Extraction-v2/data/ui_dataset/ground_truth/pil/medical_0208.json,medical
medical_0209,images/pil/medical_0209.png,/data/gpfs/projects/punim2826/Smith/Anti-Extraction-v2/data/ui_dataset/ground_truth/pil/medical_0209.json,medical
medical_0210,images/pil/medical_0210.png,/data/gpfs/projects/punim2826/Smith/Anti-Extraction-v2/data/ui_dataset/ground_truth/pil/medical_0210.json,medical
medical_0211,images/pil/medical_0211.png,/data/gpfs/projects/punim2826/Smith/Anti-Extraction-v2/data/ui_dataset/ground_truth/pil/medical_0211.json,medical
medical_0212,images/pil/medical_0212.png,/data/gpfs/projects/punim2826/Smith/Anti-Extraction-v2/data/ui_dataset/ground_truth/pil/medical_0212.json,medical
medical_0213,images/pil/medical_0213.png,/data/gpfs/projects/punim2826/Smith/Anti-Extraction-v2/data/ui_dataset/ground_truth/pil/medical_0213.json,medical
medical_0214,images/pil/medical_0214.png,/data/gpfs/projects/punim2826/Smith/Anti-Extraction-v2/data/ui_dataset/ground_truth/pil/medical_0214.json,medical
medical_0215,images/pil/medical_0215.png,/data/gpfs/projects/punim2826/Smith/Anti-Extraction-v2/data/ui_dataset/ground_truth/pil/medical_0215.json,medical
medical_0216,images/pil/medical_0216.png,/data/gpfs/projects/punim2826/Smith/Anti-Extraction-v2/data/ui_dataset/ground_truth/pil/medical_0216.json,medical
medical_0217,images/pil/medical_0217.png,/data/gpfs/projects/punim2826/Smith/Anti-Extraction-v2/data/ui_dataset/ground_truth/pil/medical_0217.json,medical
medical_0218,images/pil/medical_0218.png,/data/gpfs/projects/punim2826/Smith/Anti-Extraction-v2/data/ui_dataset/ground_truth/pil/medical_0218.json,medical
medical_0219,images/pil/medical_0219.png,/data/gpfs/projects/punim2826/Smith/Anti-Extraction-v2/data/ui_dataset/ground_truth/pil/medical_0219.json,medical
medical_0220,images/pil/medical_0220.png,/data/gpfs/projects/punim2826/Smith/Anti-Extraction-v2/data/ui_dataset/ground_truth/pil/medical_0220.json,medical
medical_0221,images/pil/medical_0221.png,/data/gpfs/projects/punim2826/Smith/Anti-Extraction-v2/data/ui_dataset/ground_truth/pil/medical_0221.json,medical
medical_0222,images/pil/medical_0222.png,/data/gpfs/projects/punim2826/Smith/Anti-Extraction-v2/data/ui_dataset/ground_truth/pil/medical_0222.json,medical
medical_0223,images/pil/medical_0223.png,/data/gpfs/projects/punim2826/Smith/Anti-Extraction-v2/data/ui_dataset/ground_truth/pil/medical_0223.json,medical
medical_0224,images/pil/medical_0224.png,/data/gpfs/projects/punim2826/Smith/Anti-Extraction-v2/data/ui_dataset/ground_truth/pil/medical_0224.json,medical
medical_0225,images/pil/medical_0225.png,/data/gpfs/projects/punim2826/Smith/Anti-Extraction-v2/data/ui_dataset/ground_truth/pil/medical_0225.json,medical
medical_0226,images/pil/medical_0226.png,/data/gpfs/projects/punim2826/Smith/Anti-Extraction-v2/data/ui_dataset/ground_truth/pil/medical_0226.json,medical
medical_0227,images/pil/medical_0227.png,/data/gpfs/projects/punim2826/Smith/Anti-Extraction-v2/data/ui_dataset/ground_truth/pil/medical_0227.json,medical
medical_0228,images/pil/medical_0228.png,/data/gpfs/projects/punim2826/Smith/Anti-Extraction-v2/data/ui_dataset/ground_truth/pil/medical_0228.json,medical
medical_0229,images/pil/medical_0229.png,/data/gpfs/projects/punim2826/Smith/Anti-Extraction-v2/data/ui_dataset/ground_truth/pil/medical_0229.json,medical
medical_0230,images/pil/medical_0230.png,/data/gpfs/projects/punim2826/Smith/Anti-Extraction-v2/data/ui_dataset/ground_truth/pil/medical_0230.json,medical
medical_0231,images/pil/medical_0231.png,/data/gpfs/projects/punim2826/Smith/Anti-Extraction-v2/data/ui_dataset/ground_truth/pil/medical_0231.json,medical
medical_0232,images/pil/medical_0232.png,/data/gpfs/projects/punim2826/Smith/Anti-Extraction-v2/data/ui_dataset/ground_truth/pil/medical_0232.json,medical
medical_0233,images/pil/medical_0233.png,/data/gpfs/projects/punim2826/Smith/Anti-Extraction-v2/data/ui_dataset/ground_truth/pil/medical_0233.json,medical
medical_0234,images/pil/medical_0234.png,/data/gpfs/projects/punim2826/Smith/Anti-Extraction-v2/data/ui_dataset/ground_truth/pil/medical_0234.json,medical
medical_0235,images/pil/medical_0235.png,/data/gpfs/projects/punim2826/Smith/Anti-Extraction-v2/data/ui_dataset/ground_truth/pil/medical_0235.json,medical
medical_0236,images/pil/medical_0236.png,/data/gpfs/projects/punim2826/Smith/Anti-Extraction-v2/data/ui_dataset/ground_truth/pil/medical_0236.json,medical
medical_0237,images/pil/medical_0237.png,/data/gpfs/projects/punim2826/Smith/Anti-Extraction-v2/data/ui_dataset/ground_truth/pil/medical_0237.json,medical
medical_0238,images/pil/medical_0238.png,/data/gpfs/projects/punim2826/Smith/Anti-Extraction-v2/data/ui_dataset/ground_truth/pil/medical_0238.json,medical
medical_0239,images/pil/medical_0239.png,/data/gpfs/projects/punim2826/Smith/Anti-Extraction-v2/data/ui_dataset/ground_truth/pil/medical_0239.json,medical
medical_0240,images/pil/medical_0240.png,/data/gpfs/projects/punim2826/Smith/Anti-Extraction-v2/data/ui_dataset/ground_truth/pil/medical_0240.json,medical
medical_0241,images/pil/medical_0241.png,/data/gpfs/projects/punim2826/Smith/Anti-Extraction-v2/data/ui_dataset/ground_truth/pil/medical_0241.json,medical
medical_0242,images/pil/medical_0242.png,/data/gpfs/projects/punim2826/Smith/Anti-Extraction-v2/data/ui_dataset/ground_truth/pil/medical_0242.json,medical
medical_0243,images/pil/medical_0243.png,/data/gpfs/projects/punim2826/Smith/Anti-Extraction-v2/data/ui_dataset/ground_truth/pil/medical_0243.json,medical
medical_0244,images/pil/medical_0244.png,/data/gpfs/projects/punim2826/Smith/Anti-Extraction-v2/data/ui_dataset/ground_truth/pil/medical_0244.json,medical
medical_0245,images/pil/medical_0245.png,/data/gpfs/projects/punim2826/Smith/Anti-Extraction-v2/data/ui_dataset/ground_truth/pil/medical_0245.json,medical
medical_0246,images/pil/medical_0246.png,/data/gpfs/projects/punim2826/Smith/Anti-Extraction-v2/data/ui_dataset/ground_truth/pil/medical_0246.json,medical
medical_0247,images/pil/medical_0247.png,/data/gpfs/projects/punim2826/Smith/Anti-Extraction-v2/data/ui_dataset/ground_truth/pil/medical_0247.json,medical
medical_0248,images/pil/medical_0248.png,/data/gpfs/projects/punim2826/Smith/Anti-Extraction-v2/data/ui_dataset/ground_truth/pil/medical_0248.json,medical
medical_0249,images/pil/medical_0249.png,/data/gpfs/projects/punim2826/Smith/Anti-Extraction-v2/data/ui_dataset/ground_truth/pil/medical_0249.json,medical
news_0000,images/pil/news_0000.png,/data/gpfs/projects/punim2826/Smith/Anti-Extraction-v2/data/ui_dataset/ground_truth/pil/news_0000.json,news
news_0001,images/pil/news_0001.png,/data/gpfs/projects/punim2826/Smith/Anti-Extraction-v2/data/ui_dataset/ground_truth/pil/news_0001.json,news
news_0002,images/pil/news_0002.png,/data/gpfs/projects/punim2826/Smith/Anti-Extraction-v2/data/ui_dataset/ground_truth/pil/news_0002.json,news
news_0003,images/pil/news_0003.png,/data/gpfs/projects/punim2826/Smith/Anti-Extraction-v2/data/ui_dataset/ground_truth/pil/news_0003.json,news
news_0004,images/pil/news_0004.png,/data/gpfs/projects/punim2826/Smith/Anti-Extraction-v2/data/ui_dataset/ground_truth/pil/news_0004.json,news
news_0005,images/pil/news_0005.png,/data/gpfs/projects/punim2826/Smith/Anti-Extraction-v2/data/ui_dataset/ground_truth/pil/news_0005.json,news
news_0006,images/pil/news_0006.png,/data/gpfs/projects/punim2826/Smith/Anti-Extraction-v2/data/ui_dataset/ground_truth/pil/news_0006.json,news
news_0007,images/pil/news_0007.png,/data/gpfs/projects/punim2826/Smith/Anti-Extraction-v2/data/ui_dataset/ground_truth/pil/news_0007.json,news
news_0008,images/pil/news_0008.png,/data/gpfs/projects/punim2826/Smith/Anti-Extraction-v2/data/ui_dataset/ground_truth/pil/news_0008.json,news
news_0009,images/pil/news_0009.png,/data/gpfs/projects/punim2826/Smith/Anti-Extraction-v2/data/ui_dataset/ground_truth/pil/news_0009.json,news
news_0010,images/pil/news_0010.png,/data/gpfs/projects/punim2826/Smith/Anti-Extraction-v2/data/ui_dataset/ground_truth/pil/news_0010.json,news
news_0011,images/pil/news_0011.png,/data/gpfs/projects/punim2826/Smith/Anti-Extraction-v2/data/ui_dataset/ground_truth/pil/news_0011.json,news
news_0012,images/pil/news_0012.png,/data/gpfs/projects/punim2826/Smith/Anti-Extraction-v2/data/ui_dataset/ground_truth/pil/news_0012.json,news
news_0013,images/pil/news_0013.png,/data/gpfs/projects/punim2826/Smith/Anti-Extraction-v2/data/ui_dataset/ground_truth/pil/news_0013.json,news
news_0014,images/pil/news_0014.png,/data/gpfs/projects/punim2826/Smith/Anti-Extraction-v2/data/ui_dataset/ground_truth/pil/news_0014.json,news
news_0015,images/pil/news_0015.png,/data/gpfs/projects/punim2826/Smith/Anti-Extraction-v2/data/ui_dataset/ground_truth/pil/news_0015.json,news
news_0016,images/pil/news_0016.png,/data/gpfs/projects/punim2826/Smith/Anti-Extraction-v2/data/ui_dataset/ground_truth/pil/news_0016.json,news
news_0017,images/pil/news_0017.png,/data/gpfs/projects/punim2826/Smith/Anti-Extraction-v2/data/ui_dataset/ground_truth/pil/news_0017.json,news
news_0018,images/pil/news_0018.png,/data/gpfs/projects/punim2826/Smith/Anti-Extraction-v2/data/ui_dataset/ground_truth/pil/news_0018.json,news
news_0019,images/pil/news_0019.png,/data/gpfs/projects/punim2826/Smith/Anti-Extraction-v2/data/ui_dataset/ground_truth/pil/news_0019.json,news
news_0020,images/pil/news_0020.png,/data/gpfs/projects/punim2826/Smith/Anti-Extraction-v2/data/ui_dataset/ground_truth/pil/news_0020.json,news
news_0021,images/pil/news_0021.png,/data/gpfs/projects/punim2826/Smith/Anti-Extraction-v2/data/ui_dataset/ground_truth/pil/news_0021.json,news
news_0022,images/pil/news_0022.png,/data/gpfs/projects/punim2826/Smith/Anti-Extraction-v2/data/ui_dataset/ground_truth/pil/news_0022.json,news
news_0023,images/pil/news_0023.png,/data/gpfs/projects/punim2826/Smith/Anti-Extraction-v2/data/ui_dataset/ground_truth/pil/news_0023.json,news
news_0024,images/pil/news_0024.png,/data/gpfs/projects/punim2826/Smith/Anti-Extraction-v2/data/ui_dataset/ground_truth/pil/news_0024.json,news
news_0025,images/pil/news_0025.png,/data/gpfs/projects/punim2826/Smith/Anti-Extraction-v2/data/ui_dataset/ground_truth/pil/news_0025.json,news
news_0026,images/pil/news_0026.png,/data/gpfs/projects/punim2826/Smith/Anti-Extraction-v2/data/ui_dataset/ground_truth/pil/news_0026.json,news
news_0027,images/pil/news_0027.png,/data/gpfs/projects/punim2826/Smith/Anti-Extraction-v2/data/ui_dataset/ground_truth/pil/news_0027.json,news
news_0028,images/pil/news_0028.png,/data/gpfs/projects/punim2826/Smith/Anti-Extraction-v2/data/ui_dataset/ground_truth/pil/news_0028.json,news
news_0029,images/pil/news_0029.png,/data/gpfs/projects/punim2826/Smith/Anti-Extraction-v2/data/ui_dataset/ground_truth/pil/news_0029.json,news
news_0030,images/pil/news_0030.png,/data/gpfs/projects/punim2826/Smith/Anti-Extraction-v2/data/ui_dataset/ground_truth/pil/news_0030.json,news
news_0031,images/pil/news_0031.png,/data/gpfs/projects/punim2826/Smith/Anti-Extraction-v2/data/ui_dataset/ground_truth/pil/news_0031.json,news
news_0032,images/pil/news_0032.png,/data/gpfs/projects/punim2826/Smith/Anti-Extraction-v2/data/ui_dataset/ground_truth/pil/news_0032.json,news
news_0033,images/pil/news_0033.png,/data/gpfs/projects/punim2826/Smith/Anti-Extraction-v2/data/ui_dataset/ground_truth/pil/news_0033.json,news
news_0034,images/pil/news_0034.png,/data/gpfs/projects/punim2826/Smith/Anti-Extraction-v2/data/ui_dataset/ground_truth/pil/news_0034.json,news
news_0035,images/pil/news_0035.png,/data/gpfs/projects/punim2826/Smith/Anti-Extraction-v2/data/ui_dataset/ground_truth/pil/news_0035.json,news
news_0036,images/pil/news_0036.png,/data/gpfs/projects/punim2826/Smith/Anti-Extraction-v2/data/ui_dataset/ground_truth/pil/news_0036.json,news
news_0037,images/pil/news_0037.png,/data/gpfs/projects/punim2826/Smith/Anti-Extraction-v2/data/ui_dataset/ground_truth/pil/news_0037.json,news
news_0038,images/pil/news_0038.png,/data/gpfs/projects/punim2826/Smith/Anti-Extraction-v2/data/ui_dataset/ground_truth/pil/news_0038.json,news
news_0039,images/pil/news_0039.png,/data/gpfs/projects/punim2826/Smith/Anti-Extraction-v2/data/ui_dataset/ground_truth/pil/news_0039.json,news
news_0040,images/pil/news_0040.png,/data/gpfs/projects/punim2826/Smith/Anti-Extraction-v2/data/ui_dataset/ground_truth/pil/news_0040.json,news
news_0041,images/pil/news_0041.png,/data/gpfs/projects/punim2826/Smith/Anti-Extraction-v2/data/ui_dataset/ground_truth/pil/news_0041.json,news
news_0042,images/pil/news_0042.png,/data/gpfs/projects/punim2826/Smith/Anti-Extraction-v2/data/ui_dataset/ground_truth/pil/news_0042.json,news
news_0043,images/pil/news_0043.png,/data/gpfs/projects/punim2826/Smith/Anti-Extraction-v2/data/ui_dataset/ground_truth/pil/news_0043.json,news
news_0044,images/pil/news_0044.png,/data/gpfs/projects/punim2826/Smith/Anti-Extraction-v2/data/ui_dataset/ground_truth/pil/news_0044.json,news
news_0045,images/pil/news_0045.png,/data/gpfs/projects/punim2826/Smith/Anti-Extraction-v2/data/ui_dataset/ground_truth/pil/news_0045.json,news
news_0046,images/pil/news_0046.png,/data/gpfs/projects/punim2826/Smith/Anti-Extraction-v2/data/ui_dataset/ground_truth/pil/news_0046.json,news
news_0047,images/pil/news_0047.png,/data/gpfs/projects/punim2826/Smith/Anti-Extraction-v2/data/ui_dataset/ground_truth/pil/news_0047.json,news
news_0048,images/pil/news_0048.png,/data/gpfs/projects/punim2826/Smith/Anti-Extraction-v2/data/ui_dataset/ground_truth/pil/news_0048.json,news
news_0049,images/pil/news_0049.png,/data/gpfs/projects/punim2826/Smith/Anti-Extraction-v2/data/ui_dataset/ground_truth/pil/news_0049.json,news
news_0050,images/pil/news_0050.png,/data/gpfs/projects/punim2826/Smith/Anti-Extraction-v2/data/ui_dataset/ground_truth/pil/news_0050.json,news
news_0051,images/pil/news_0051.png,/data/gpfs/projects/punim2826/Smith/Anti-Extraction-v2/data/ui_dataset/ground_truth/pil/news_0051.json,news
news_0052,images/pil/news_0052.png,/data/gpfs/projects/punim2826/Smith/Anti-Extraction-v2/data/ui_dataset/ground_truth/pil/news_0052.json,news
news_0053,images/pil/news_0053.png,/data/gpfs/projects/punim2826/Smith/Anti-Extraction-v2/data/ui_dataset/ground_truth/pil/news_0053.json,news
news_0054,images/pil/news_0054.png,/data/gpfs/projects/punim2826/Smith/Anti-Extraction-v2/data/ui_dataset/ground_truth/pil/news_0054.json,news
news_0055,images/pil/news_0055.png,/data/gpfs/projects/punim2826/Smith/Anti-Extraction-v2/data/ui_dataset/ground_truth/pil/news_0055.json,news
news_0056,images/pil/news_0056.png,/data/gpfs/projects/punim2826/Smith/Anti-Extraction-v2/data/ui_dataset/ground_truth/pil/news_0056.json,news
news_0057,images/pil/news_0057.png,/data/gpfs/projects/punim2826/Smith/Anti-Extraction-v2/data/ui_dataset/ground_truth/pil/news_0057.json,news
news_0058,images/pil/news_0058.png,/data/gpfs/projects/punim2826/Smith/Anti-Extraction-v2/data/ui_dataset/ground_truth/pil/news_0058.json,news
news_0059,images/pil/news_0059.png,/data/gpfs/projects/punim2826/Smith/Anti-Extraction-v2/data/ui_dataset/ground_truth/pil/news_0059.json,news
news_0060,images/pil/news_0060.png,/data/gpfs/projects/punim2826/Smith/Anti-Extraction-v2/data/ui_dataset/ground_truth/pil/news_0060.json,news
news_0061,images/pil/news_0061.png,/data/gpfs/projects/punim2826/Smith/Anti-Extraction-v2/data/ui_dataset/ground_truth/pil/news_0061.json,news
news_0062,images/pil/news_0062.png,/data/gpfs/projects/punim2826/Smith/Anti-Extraction-v2/data/ui_dataset/ground_truth/pil/news_0062.json,news
news_0063,images/pil/news_0063.png,/data/gpfs/projects/punim2826/Smith/Anti-Extraction-v2/data/ui_dataset/ground_truth/pil/news_0063.json,news
news_0064,images/pil/news_0064.png,/data/gpfs/projects/punim2826/Smith/Anti-Extraction-v2/data/ui_dataset/ground_truth/pil/news_0064.json,news
news_0065,images/pil/news_0065.png,/data/gpfs/projects/punim2826/Smith/Anti-Extraction-v2/data/ui_dataset/ground_truth/pil/news_0065.json,news
news_0066,images/pil/news_0066.png,/data/gpfs/projects/punim2826/Smith/Anti-Extraction-v2/data/ui_dataset/ground_truth/pil/news_0066.json,news
news_0067,images/pil/news_0067.png,/data/gpfs/projects/punim2826/Smith/Anti-Extraction-v2/data/ui_dataset/ground_truth/pil/news_0067.json,news
news_0068,images/pil/news_0068.png,/data/gpfs/projects/punim2826/Smith/Anti-Extraction-v2/data/ui_dataset/ground_truth/pil/news_0068.json,news
news_0069,images/pil/news_0069.png,/data/gpfs/projects/punim2826/Smith/Anti-Extraction-v2/data/ui_dataset/ground_truth/pil/news_0069.json,news
news_0070,images/pil/news_0070.png,/data/gpfs/projects/punim2826/Smith/Anti-Extraction-v2/data/ui_dataset/ground_truth/pil/news_0070.json,news
news_0071,images/pil/news_0071.png,/data/gpfs/projects/punim2826/Smith/Anti-Extraction-v2/data/ui_dataset/ground_truth/pil/news_0071.json,news
news_0072,images/pil/news_0072.png,/data/gpfs/projects/punim2826/Smith/Anti-Extraction-v2/data/ui_dataset/ground_truth/pil/news_0072.json,news
news_0073,images/pil/news_0073.png,/data/gpfs/projects/punim2826/Smith/Anti-Extraction-v2/data/ui_dataset/ground_truth/pil/news_0073.json,news
news_0074,images/pil/news_0074.png,/data/gpfs/projects/punim2826/Smith/Anti-Extraction-v2/data/ui_dataset/ground_truth/pil/news_0074.json,news
news_0075,images/pil/news_0075.png,/data/gpfs/projects/punim2826/Smith/Anti-Extraction-v2/data/ui_dataset/ground_truth/pil/news_0075.json,news
news_0076,images/pil/news_0076.png,/data/gpfs/projects/punim2826/Smith/Anti-Extraction-v2/data/ui_dataset/ground_truth/pil/news_0076.json,news
news_0077,images/pil/news_0077.png,/data/gpfs/projects/punim2826/Smith/Anti-Extraction-v2/data/ui_dataset/ground_truth/pil/news_0077.json,news
news_0078,images/pil/news_0078.png,/data/gpfs/projects/punim2826/Smith/Anti-Extraction-v2/data/ui_dataset/ground_truth/pil/news_0078.json,news
news_0079,images/pil/news_0079.png,/data/gpfs/projects/punim2826/Smith/Anti-Extraction-v2/data/ui_dataset/ground_truth/pil/news_0079.json,news
news_0080,images/pil/news_0080.png,/data/gpfs/projects/punim2826/Smith/Anti-Extraction-v2/data/ui_dataset/ground_truth/pil/news_0080.json,news
news_0081,images/pil/news_0081.png,/data/gpfs/projects/punim2826/Smith/Anti-Extraction-v2/data/ui_dataset/ground_truth/pil/news_0081.json,news
news_0082,images/pil/news_0082.png,/data/gpfs/projects/punim2826/Smith/Anti-Extraction-v2/data/ui_dataset/ground_truth/pil/news_0082.json,news
news_0083,images/pil/news_0083.png,/data/gpfs/projects/punim2826/Smith/Anti-Extraction-v2/data/ui_dataset/ground_truth/pil/news_0083.json,news
news_0084,images/pil/news_0084.png,/data/gpfs/projects/punim2826/Smith/Anti-Extraction-v2/data/ui_dataset/ground_truth/pil/news_0084.json,news
news_0085,images/pil/news_0085.png,/data/gpfs/projects/punim2826/Smith/Anti-Extraction-v2/data/ui_dataset/ground_truth/pil/news_0085.json,news
news_0086,images/pil/news_0086.png,/data/gpfs/projects/punim2826/Smith/Anti-Extraction-v2/data/ui_dataset/ground_truth/pil/news_0086.json,news
news_0087,images/pil/news_0087.png,/data/gpfs/projects/punim2826/Smith/Anti-Extraction-v2/data/ui_dataset/ground_truth/pil/news_0087.json,news
news_0088,images/pil/news_0088.png,/data/gpfs/projects/punim2826/Smith/Anti-Extraction-v2/data/ui_dataset/ground_truth/pil/news_0088.json,news
news_0089,images/pil/news_0089.png,/data/gpfs/projects/punim2826/Smith/Anti-Extraction-v2/data/ui_dataset/ground_truth/pil/news_0089.json,news
news_0090,images/pil/news_0090.png,/data/gpfs/projects/punim2826/Smith/Anti-Extraction-v2/data/ui_dataset/ground_truth/pil/news_0090.json,news
news_0091,images/pil/news_0091.png,/data/gpfs/projects/punim2826/Smith/Anti-Extraction-v2/data/ui_dataset/ground_truth/pil/news_0091.json,news
news_0092,images/pil/news_0092.png,/data/gpfs/projects/punim2826/Smith/Anti-Extraction-v2/data/ui_dataset/ground_truth/pil/news_0092.json,news
news_0093,images/pil/news_0093.png,/data/gpfs/projects/punim2826/Smith/Anti-Extraction-v2/data/ui_dataset/ground_truth/pil/news_0093.json,news
news_0094,images/pil/news_0094.png,/data/gpfs/projects/punim2826/Smith/Anti-Extraction-v2/data/ui_dataset/ground_truth/pil/news_0094.json,news
news_0095,images/pil/news_0095.png,/data/gpfs/projects/punim2826/Smith/Anti-Extraction-v2/data/ui_dataset/ground_truth/pil/news_0095.json,news
news_0096,images/pil/news_0096.png,/data/gpfs/projects/punim2826/Smith/Anti-Extraction-v2/data/ui_dataset/ground_truth/pil/news_0096.json,news
news_0097,images/pil/news_0097.png,/data/gpfs/projects/punim2826/Smith/Anti-Extraction-v2/data/ui_dataset/ground_truth/pil/news_0097.json,news
news_0098,images/pil/news_0098.png,/data/gpfs/projects/punim2826/Smith/Anti-Extraction-v2/data/ui_dataset/ground_truth/pil/news_0098.json,news
news_0099,images/pil/news_0099.png,/data/gpfs/projects/punim2826/Smith/Anti-Extraction-v2/data/ui_dataset/ground_truth/pil/news_0099.json,news
news_0100,images/pil/news_0100.png,/data/gpfs/projects/punim2826/Smith/Anti-Extraction-v2/data/ui_dataset/ground_truth/pil/news_0100.json,news
news_0101,images/pil/news_0101.png,/data/gpfs/projects/punim2826/Smith/Anti-Extraction-v2/data/ui_dataset/ground_truth/pil/news_0101.json,news
news_0102,images/pil/news_0102.png,/data/gpfs/projects/punim2826/Smith/Anti-Extraction-v2/data/ui_dataset/ground_truth/pil/news_0102.json,news
news_0103,images/pil/news_0103.png,/data/gpfs/projects/punim2826/Smith/Anti-Extraction-v2/data/ui_dataset/ground_truth/pil/news_0103.json,news
news_0104,images/pil/news_0104.png,/data/gpfs/projects/punim2826/Smith/Anti-Extraction-v2/data/ui_dataset/ground_truth/pil/news_0104.json,news
news_0105,images/pil/news_0105.png,/data/gpfs/projects/punim2826/Smith/Anti-Extraction-v2/data/ui_dataset/ground_truth/pil/news_0105.json,news
news_0106,images/pil/news_0106.png,/data/gpfs/projects/punim2826/Smith/Anti-Extraction-v2/data/ui_dataset/ground_truth/pil/news_0106.json,news
news_0107,images/pil/news_0107.png,/data/gpfs/projects/punim2826/Smith/Anti-Extraction-v2/data/ui_dataset/ground_truth/pil/news_0107.json,news
news_0108,images/pil/news_0108.png,/data/gpfs/projects/punim2826/Smith/Anti-Extraction-v2/data/ui_dataset/ground_truth/pil/news_0108.json,news
news_0109,images/pil/news_0109.png,/data/gpfs/projects/punim2826/Smith/Anti-Extraction-v2/data/ui_dataset/ground_truth/pil/news_0109.json,news
news_0110,images/pil/news_0110.png,/data/gpfs/projects/punim2826/Smith/Anti-Extraction-v2/data/ui_dataset/ground_truth/pil/news_0110.json,news
news_0111,images/pil/news_0111.png,/data/gpfs/projects/punim2826/Smith/Anti-Extraction-v2/data/ui_dataset/ground_truth/pil/news_0111.json,news
news_0112,images/pil/news_0112.png,/data/gpfs/projects/punim2826/Smith/Anti-Extraction-v2/data/ui_dataset/ground_truth/pil/news_0112.json,news
news_0113,images/pil/news_0113.png,/data/gpfs/projects/punim2826/Smith/Anti-Extraction-v2/data/ui_dataset/ground_truth/pil/news_0113.json,news
news_0114,images/pil/news_0114.png,/data/gpfs/projects/punim2826/Smith/Anti-Extraction-v2/data/ui_dataset/ground_truth/pil/news_0114.json,news
news_0115,images/pil/news_0115.png,/data/gpfs/projects/punim2826/Smith/Anti-Extraction-v2/data/ui_dataset/ground_truth/pil/news_0115.json,news
news_0116,images/pil/news_0116.png,/data/gpfs/projects/punim2826/Smith/Anti-Extraction-v2/data/ui_dataset/ground_truth/pil/news_0116.json,news
news_0117,images/pil/news_0117.png,/data/gpfs/projects/punim2826/Smith/Anti-Extraction-v2/data/ui_dataset/ground_truth/pil/news_0117.json,news
news_0118,images/pil/news_0118.png,/data/gpfs/projects/punim2826/Smith/Anti-Extraction-v2/data/ui_dataset/ground_truth/pil/news_0118.json,news
news_0119,images/pil/news_0119.png,/data/gpfs/projects/punim2826/Smith/Anti-Extraction-v2/data/ui_dataset/ground_truth/pil/news_0119.json,news
news_0120,images/pil/news_0120.png,/data/gpfs/projects/punim2826/Smith/Anti-Extraction-v2/data/ui_dataset/ground_truth/pil/news_0120.json,news
news_0121,images/pil/news_0121.png,/data/gpfs/projects/punim2826/Smith/Anti-Extraction-v2/data/ui_dataset/ground_truth/pil/news_0121.json,news
news_0122,images/pil/news_0122.png,/data/gpfs/projects/punim2826/Smith/Anti-Extraction-v2/data/ui_dataset/ground_truth/pil/news_0122.json,news
news_0123,images/pil/news_0123.png,/data/gpfs/projects/punim2826/Smith/Anti-Extraction-v2/data/ui_dataset/ground_truth/pil/news_0123.json,news
news_0124,images/pil/news_0124.png,/data/gpfs/projects/punim2826/Smith/Anti-Extraction-v2/data/ui_dataset/ground_truth/pil/news_0124.json,news
news_0125,images/pil/news_0125.png,/data/gpfs/projects/punim2826/Smith/Anti-Extraction-v2/data/ui_dataset/ground_truth/pil/news_0125.json,news
news_0126,images/pil/news_0126.png,/data/gpfs/projects/punim2826/Smith/Anti-Extraction-v2/data/ui_dataset/ground_truth/pil/news_0126.json,news
news_0127,images/pil/news_0127.png,/data/gpfs/projects/punim2826/Smith/Anti-Extraction-v2/data/ui_dataset/ground_truth/pil/news_0127.json,news
news_0128,images/pil/news_0128.png,/data/gpfs/projects/punim2826/Smith/Anti-Extraction-v2/data/ui_dataset/ground_truth/pil/news_0128.json,news
news_0129,images/pil/news_0129.png,/data/gpfs/projects/punim2826/Smith/Anti-Extraction-v2/data/ui_dataset/ground_truth/pil/news_0129.json,news
news_0130,images/pil/news_0130.png,/data/gpfs/projects/punim2826/Smith/Anti-Extraction-v2/data/ui_dataset/ground_truth/pil/news_0130.json,news
news_0131,images/pil/news_0131.png,/data/gpfs/projects/punim2826/Smith/Anti-Extraction-v2/data/ui_dataset/ground_truth/pil/news_0131.json,news
news_0132,images/pil/news_0132.png,/data/gpfs/projects/punim2826/Smith/Anti-Extraction-v2/data/ui_dataset/ground_truth/pil/news_0132.json,news
news_0133,images/pil/news_0133.png,/data/gpfs/projects/punim2826/Smith/Anti-Extraction-v2/data/ui_dataset/ground_truth/pil/news_0133.json,news
news_0134,images/pil/news_0134.png,/data/gpfs/projects/punim2826/Smith/Anti-Extraction-v2/data/ui_dataset/ground_truth/pil/news_0134.json,news
news_0135,images/pil/news_0135.png,/data/gpfs/projects/punim2826/Smith/Anti-Extraction-v2/data/ui_dataset/ground_truth/pil/news_0135.json,news
news_0136,images/pil/news_0136.png,/data/gpfs/projects/punim2826/Smith/Anti-Extraction-v2/data/ui_dataset/ground_truth/pil/news_0136.json,news
news_0137,images/pil/news_0137.png,/data/gpfs/projects/punim2826/Smith/Anti-Extraction-v2/data/ui_dataset/ground_truth/pil/news_0137.json,news
news_0138,images/pil/news_0138.png,/data/gpfs/projects/punim2826/Smith/Anti-Extraction-v2/data/ui_dataset/ground_truth/pil/news_0138.json,news
news_0139,images/pil/news_0139.png,/data/gpfs/projects/punim2826/Smith/Anti-Extraction-v2/data/ui_dataset/ground_truth/pil/news_0139.json,news
news_0140,images/pil/news_0140.png,/data/gpfs/projects/punim2826/Smith/Anti-Extraction-v2/data/ui_dataset/ground_truth/pil/news_0140.json,news
news_0141,images/pil/news_0141.png,/data/gpfs/projects/punim2826/Smith/Anti-Extraction-v2/data/ui_dataset/ground_truth/pil/news_0141.json,news
news_0142,images/pil/news_0142.png,/data/gpfs/projects/punim2826/Smith/Anti-Extraction-v2/data/ui_dataset/ground_truth/pil/news_0142.json,news
news_0143,images/pil/news_0143.png,/data/gpfs/projects/punim2826/Smith/Anti-Extraction-v2/data/ui_dataset/ground_truth/pil/news_0143.json,news
news_0144,images/pil/news_0144.png,/data/gpfs/projects/punim2826/Smith/Anti-Extraction-v2/data/ui_dataset/ground_truth/pil/news_0144.json,news
news_0145,images/pil/news_0145.png,/data/gpfs/projects/punim2826/Smith/Anti-Extraction-v2/data/ui_dataset/ground_truth/pil/news_0145.json,news
news_0146,images/pil/news_0146.png,/data/gpfs/projects/punim2826/Smith/Anti-Extraction-v2/data/ui_dataset/ground_truth/pil/news_0146.json,news
news_0147,images/pil/news_0147.png,/data/gpfs/projects/punim2826/Smith/Anti-Extraction-v2/data/ui_dataset/ground_truth/pil/news_0147.json,news
news_0148,images/pil/news_0148.png,/data/gpfs/projects/punim2826/Smith/Anti-Extraction-v2/data/ui_dataset/ground_truth/pil/news_0148.json,news
news_0149,images/pil/news_0149.png,/data/gpfs/projects/punim2826/Smith/Anti-Extraction-v2/data/ui_dataset/ground_truth/pil/news_0149.json,news
news_0150,images/pil/news_0150.png,/data/gpfs/projects/punim2826/Smith/Anti-Extraction-v2/data/ui_dataset/ground_truth/pil/news_0150.json,news
news_0151,images/pil/news_0151.png,/data/gpfs/projects/punim2826/Smith/Anti-Extraction-v2/data/ui_dataset/ground_truth/pil/news_0151.json,news
news_0152,images/pil/news_0152.png,/data/gpfs/projects/punim2826/Smith/Anti-Extraction-v2/data/ui_dataset/ground_truth/pil/news_0152.json,news
news_0153,images/pil/news_0153.png,/data/gpfs/projects/punim2826/Smith/Anti-Extraction-v2/data/ui_dataset/ground_truth/pil/news_0153.json,news
news_0154,images/pil/news_0154.png,/data/gpfs/projects/punim2826/Smith/Anti-Extraction-v2/data/ui_dataset/ground_truth/pil/news_0154.json,news
news_0155,images/pil/news_0155.png,/data/gpfs/projects/punim2826/Smith/Anti-Extraction-v2/data/ui_dataset/ground_truth/pil/news_0155.json,news
news_0156,images/pil/news_0156.png,/data/gpfs/projects/punim2826/Smith/Anti-Extraction-v2/data/ui_dataset/ground_truth/pil/news_0156.json,news
news_0157,images/pil/news_0157.png,/data/gpfs/projects/punim2826/Smith/Anti-Extraction-v2/data/ui_dataset/ground_truth/pil/news_0157.json,news
news_0158,images/pil/news_0158.png,/data/gpfs/projects/punim2826/Smith/Anti-Extraction-v2/data/ui_dataset/ground_truth/pil/news_0158.json,news
news_0159,images/pil/news_0159.png,/data/gpfs/projects/punim2826/Smith/Anti-Extraction-v2/data/ui_dataset/ground_truth/pil/news_0159.json,news
news_0160,images/pil/news_0160.png,/data/gpfs/projects/punim2826/Smith/Anti-Extraction-v2/data/ui_dataset/ground_truth/pil/news_0160.json,news
news_0161,images/pil/news_0161.png,/data/gpfs/projects/punim2826/Smith/Anti-Extraction-v2/data/ui_dataset/ground_truth/pil/news_0161.json,news
news_0162,images/pil/news_0162.png,/data/gpfs/projects/punim2826/Smith/Anti-Extraction-v2/data/ui_dataset/ground_truth/pil/news_0162.json,news
news_0163,images/pil/news_0163.png,/data/gpfs/projects/punim2826/Smith/Anti-Extraction-v2/data/ui_dataset/ground_truth/pil/news_0163.json,news
news_0164,images/pil/news_0164.png,/data/gpfs/projects/punim2826/Smith/Anti-Extraction-v2/data/ui_dataset/ground_truth/pil/news_0164.json,news
news_0165,images/pil/news_0165.png,/data/gpfs/projects/punim2826/Smith/Anti-Extraction-v2/data/ui_dataset/ground_truth/pil/news_0165.json,news
news_0166,images/pil/news_0166.png,/data/gpfs/projects/punim2826/Smith/Anti-Extraction-v2/data/ui_dataset/ground_truth/pil/news_0166.json,news
news_0167,images/pil/news_0167.png,/data/gpfs/projects/punim2826/Smith/Anti-Extraction-v2/data/ui_dataset/ground_truth/pil/news_0167.json,news
news_0168,images/pil/news_0168.png,/data/gpfs/projects/punim2826/Smith/Anti-Extraction-v2/data/ui_dataset/ground_truth/pil/news_0168.json,news
news_0169,images/pil/news_0169.png,/data/gpfs/projects/punim2826/Smith/Anti-Extraction-v2/data/ui_dataset/ground_truth/pil/news_0169.json,news
news_0170,images/pil/news_0170.png,/data/gpfs/projects/punim2826/Smith/Anti-Extraction-v2/data/ui_dataset/ground_truth/pil/news_0170.json,news
news_0171,images/pil/news_0171.png,/data/gpfs/projects/punim2826/Smith/Anti-Extraction-v2/data/ui_dataset/ground_truth/pil/news_0171.json,news
news_0172,images/pil/news_0172.png,/data/gpfs/projects/punim2826/Smith/Anti-Extraction-v2/data/ui_dataset/ground_truth/pil/news_0172.json,news
news_0173,images/pil/news_0173.png,/data/gpfs/projects/punim2826/Smith/Anti-Extraction-v2/data/ui_dataset/ground_truth/pil/news_0173.json,news
news_0174,images/pil/news_0174.png,/data/gpfs/projects/punim2826/Smith/Anti-Extraction-v2/data/ui_dataset/ground_truth/pil/news_0174.json,news
news_0175,images/pil/news_0175.png,/data/gpfs/projects/punim2826/Smith/Anti-Extraction-v2/data/ui_dataset/ground_truth/pil/news_0175.json,news
news_0176,images/pil/news_0176.png,/data/gpfs/projects/punim2826/Smith/Anti-Extraction-v2/data/ui_dataset/ground_truth/pil/news_0176.json,news
news_0177,images/pil/news_0177.png,/data/gpfs/projects/punim2826/Smith/Anti-Extraction-v2/data/ui_dataset/ground_truth/pil/news_0177.json,news
news_0178,images/pil/news_0178.png,/data/gpfs/projects/punim2826/Smith/Anti-Extraction-v2/data/ui_dataset/ground_truth/pil/news_0178.json,news
news_0179,images/pil/news_0179.png,/data/gpfs/projects/punim2826/Smith/Anti-Extraction-v2/data/ui_dataset/ground_truth/pil/news_0179.json,news
news_0180,images/pil/news_0180.png,/data/gpfs/projects/punim2826/Smith/Anti-Extraction-v2/data/ui_dataset/ground_truth/pil/news_0180.json,news
news_0181,images/pil/news_0181.png,/data/gpfs/projects/punim2826/Smith/Anti-Extraction-v2/data/ui_dataset/ground_truth/pil/news_0181.json,news
news_0182,images/pil/news_0182.png,/data/gpfs/projects/punim2826/Smith/Anti-Extraction-v2/data/ui_dataset/ground_truth/pil/news_0182.json,news
news_0183,images/pil/news_0183.png,/data/gpfs/projects/punim2826/Smith/Anti-Extraction-v2/data/ui_dataset/ground_truth/pil/news_0183.json,news
news_0184,images/pil/news_0184.png,/data/gpfs/projects/punim2826/Smith/Anti-Extraction-v2/data/ui_dataset/ground_truth/pil/news_0184.json,news
news_0185,images/pil/news_0185.png,/data/gpfs/projects/punim2826/Smith/Anti-Extraction-v2/data/ui_dataset/ground_truth/pil/news_0185.json,news
news_0186,images/pil/news_0186.png,/data/gpfs/projects/punim2826/Smith/Anti-Extraction-v2/data/ui_dataset/ground_truth/pil/news_0186.json,news
news_0187,images/pil/news_0187.png,/data/gpfs/projects/punim2826/Smith/Anti-Extraction-v2/data/ui_dataset/ground_truth/pil/news_0187.json,news
news_0188,images/pil/news_0188.png,/data/gpfs/projects/punim2826/Smith/Anti-Extraction-v2/data/ui_dataset/ground_truth/pil/news_0188.json,news
news_0189,images/pil/news_0189.png,/data/gpfs/projects/punim2826/Smith/Anti-Extraction-v2/data/ui_dataset/ground_truth/pil/news_0189.json,news
news_0190,images/pil/news_0190.png,/data/gpfs/projects/punim2826/Smith/Anti-Extraction-v2/data/ui_dataset/ground_truth/pil/news_0190.json,news
news_0191,images/pil/news_0191.png,/data/gpfs/projects/punim2826/Smith/Anti-Extraction-v2/data/ui_dataset/ground_truth/pil/news_0191.json,news
news_0192,images/pil/news_0192.png,/data/gpfs/projects/punim2826/Smith/Anti-Extraction-v2/data/ui_dataset/ground_truth/pil/news_0192.json,news
news_0193,images/pil/news_0193.png,/data/gpfs/projects/punim2826/Smith/Anti-Extraction-v2/data/ui_dataset/ground_truth/pil/news_0193.json,news
news_0194,images/pil/news_0194.png,/data/gpfs/projects/punim2826/Smith/Anti-Extraction-v2/data/ui_dataset/ground_truth/pil/news_0194.json,news
news_0195,images/pil/news_0195.png,/data/gpfs/projects/punim2826/Smith/Anti-Extraction-v2/data/ui_dataset/ground_truth/pil/news_0195.json,news
news_0196,images/pil/news_0196.png,/data/gpfs/projects/punim2826/Smith/Anti-Extraction-v2/data/ui_dataset/ground_truth/pil/news_0196.json,news
news_0197,images/pil/news_0197.png,/data/gpfs/projects/punim2826/Smith/Anti-Extraction-v2/data/ui_dataset/ground_truth/pil/news_0197.json,news
news_0198,images/pil/news_0198.png,/data/gpfs/projects/punim2826/Smith/Anti-Extraction-v2/data/ui_dataset/ground_truth/pil/news_0198.json,news
news_0199,images/pil/news_0199.png,/data/gpfs/projects/punim2826/Smith/Anti-Extraction-v2/data/ui_dataset/ground_truth/pil/news_0199.json,news
news_0200,images/pil/news_0200.png,/data/gpfs/projects/punim2826/Smith/Anti-Extraction-v2/data/ui_dataset/ground_truth/pil/news_0200.json,news
news_0201,images/pil/news_0201.png,/data/gpfs/projects/punim2826/Smith/Anti-Extraction-v2/data/ui_dataset/ground_truth/pil/news_0201.json,news
news_0202,images/pil/news_0202.png,/data/gpfs/projects/punim2826/Smith/Anti-Extraction-v2/data/ui_dataset/ground_truth/pil/news_0202.json,news
news_0203,images/pil/news_0203.png,/data/gpfs/projects/punim2826/Smith/Anti-Extraction-v2/data/ui_dataset/ground_truth/pil/news_0203.json,news
news_0204,images/pil/news_0204.png,/data/gpfs/projects/punim2826/Smith/Anti-Extraction-v2/data/ui_dataset/ground_truth/pil/news_0204.json,news
news_0205,images/pil/news_0205.png,/data/gpfs/projects/punim2826/Smith/Anti-Extraction-v2/data/ui_dataset/ground_truth/pil/news_0205.json,news
news_0206,images/pil/news_0206.png,/data/gpfs/projects/punim2826/Smith/Anti-Extraction-v2/data/ui_dataset/ground_truth/pil/news_0206.json,news
news_0207,images/pil/news_0207.png,/data/gpfs/projects/punim2826/Smith/Anti-Extraction-v2/data/ui_dataset/ground_truth/pil/news_0207.json,news
news_0208,images/pil/news_0208.png,/data/gpfs/projects/punim2826/Smith/Anti-Extraction-v2/data/ui_dataset/ground_truth/pil/news_0208.json,news
news_0209,images/pil/news_0209.png,/data/gpfs/projects/punim2826/Smith/Anti-Extraction-v2/data/ui_dataset/ground_truth/pil/news_0209.json,news
news_0210,images/pil/news_0210.png,/data/gpfs/projects/punim2826/Smith/Anti-Extraction-v2/data/ui_dataset/ground_truth/pil/news_0210.json,news
news_0211,images/pil/news_0211.png,/data/gpfs/projects/punim2826/Smith/Anti-Extraction-v2/data/ui_dataset/ground_truth/pil/news_0211.json,news
news_0212,images/pil/news_0212.png,/data/gpfs/projects/punim2826/Smith/Anti-Extraction-v2/data/ui_dataset/ground_truth/pil/news_0212.json,news
news_0213,images/pil/news_0213.png,/data/gpfs/projects/punim2826/Smith/Anti-Extraction-v2/data/ui_dataset/ground_truth/pil/news_0213.json,news
news_0214,images/pil/news_0214.png,/data/gpfs/projects/punim2826/Smith/Anti-Extraction-v2/data/ui_dataset/ground_truth/pil/news_0214.json,news
news_0215,images/pil/news_0215.png,/data/gpfs/projects/punim2826/Smith/Anti-Extraction-v2/data/ui_dataset/ground_truth/pil/news_0215.json,news
news_0216,images/pil/news_0216.png,/data/gpfs/projects/punim2826/Smith/Anti-Extraction-v2/data/ui_dataset/ground_truth/pil/news_0216.json,news
news_0217,images/pil/news_0217.png,/data/gpfs/projects/punim2826/Smith/Anti-Extraction-v2/data/ui_dataset/ground_truth/pil/news_0217.json,news
news_0218,images/pil/news_0218.png,/data/gpfs/projects/punim2826/Smith/Anti-Extraction-v2/data/ui_dataset/ground_truth/pil/news_0218.json,news
news_0219,images/pil/news_0219.png,/data/gpfs/projects/punim2826/Smith/Anti-Extraction-v2/data/ui_dataset/ground_truth/pil/news_0219.json,news
news_0220,images/pil/news_0220.png,/data/gpfs/projects/punim2826/Smith/Anti-Extraction-v2/data/ui_dataset/ground_truth/pil/news_0220.json,news
news_0221,images/pil/news_0221.png,/data/gpfs/projects/punim2826/Smith/Anti-Extraction-v2/data/ui_dataset/ground_truth/pil/news_0221.json,news
news_0222,images/pil/news_0222.png,/data/gpfs/projects/punim2826/Smith/Anti-Extraction-v2/data/ui_dataset/ground_truth/pil/news_0222.json,news
news_0223,images/pil/news_0223.png,/data/gpfs/projects/punim2826/Smith/Anti-Extraction-v2/data/ui_dataset/ground_truth/pil/news_0223.json,news
news_0224,images/pil/news_0224.png,/data/gpfs/projects/punim2826/Smith/Anti-Extraction-v2/data/ui_dataset/ground_truth/pil/news_0224.json,news
news_0225,images/pil/news_0225.png,/data/gpfs/projects/punim2826/Smith/Anti-Extraction-v2/data/ui_dataset/ground_truth/pil/news_0225.json,news
news_0226,images/pil/news_0226.png,/data/gpfs/projects/punim2826/Smith/Anti-Extraction-v2/data/ui_dataset/ground_truth/pil/news_0226.json,news
news_0227,images/pil/news_0227.png,/data/gpfs/projects/punim2826/Smith/Anti-Extraction-v2/data/ui_dataset/ground_truth/pil/news_0227.json,news
news_0228,images/pil/news_0228.png,/data/gpfs/projects/punim2826/Smith/Anti-Extraction-v2/data/ui_dataset/ground_truth/pil/news_0228.json,news
news_0229,images/pil/news_0229.png,/data/gpfs/projects/punim2826/Smith/Anti-Extraction-v2/data/ui_dataset/ground_truth/pil/news_0229.json,news
news_0230,images/pil/news_0230.png,/data/gpfs/projects/punim2826/Smith/Anti-Extraction-v2/data/ui_dataset/ground_truth/pil/news_0230.json,news
news_0231,images/pil/news_0231.png,/data/gpfs/projects/punim2826/Smith/Anti-Extraction-v2/data/ui_dataset/ground_truth/pil/news_0231.json,news
news_0232,images/pil/news_0232.png,/data/gpfs/projects/punim2826/Smith/Anti-Extraction-v2/data/ui_dataset/ground_truth/pil/news_0232.json,news
news_0233,images/pil/news_0233.png,/data/gpfs/projects/punim2826/Smith/Anti-Extraction-v2/data/ui_dataset/ground_truth/pil/news_0233.json,news
news_0234,images/pil/news_0234.png,/data/gpfs/projects/punim2826/Smith/Anti-Extraction-v2/data/ui_dataset/ground_truth/pil/news_0234.json,news
news_0235,images/pil/news_0235.png,/data/gpfs/projects/punim2826/Smith/Anti-Extraction-v2/data/ui_dataset/ground_truth/pil/news_0235.json,news
news_0236,images/pil/news_0236.png,/data/gpfs/projects/punim2826/Smith/Anti-Extraction-v2/data/ui_dataset/ground_truth/pil/news_0236.json,news
news_0237,images/pil/news_0237.png,/data/gpfs/projects/punim2826/Smith/Anti-Extraction-v2/data/ui_dataset/ground_truth/pil/news_0237.json,news
news_0238,images/pil/news_0238.png,/data/gpfs/projects/punim2826/Smith/Anti-Extraction-v2/data/ui_dataset/ground_truth/pil/news_0238.json,news
news_0239,images/pil/news_0239.png,/data/gpfs/projects/punim2826/Smith/Anti-Extraction-v2/data/ui_dataset/ground_truth/pil/news_0239.json,news
news_0240,images/pil/news_0240.png,/data/gpfs/projects/punim2826/Smith/Anti-Extraction-v2/data/ui_dataset/ground_truth/pil/news_0240.json,news
news_0241,images/pil/news_0241.png,/data/gpfs/projects/punim2826/Smith/Anti-Extraction-v2/data/ui_dataset/ground_truth/pil/news_0241.json,news
news_0242,images/pil/news_0242.png,/data/gpfs/projects/punim2826/Smith/Anti-Extraction-v2/data/ui_dataset/ground_truth/pil/news_0242.json,news
news_0243,images/pil/news_0243.png,/data/gpfs/projects/punim2826/Smith/Anti-Extraction-v2/data/ui_dataset/ground_truth/pil/news_0243.json,news
news_0244,images/pil/news_0244.png,/data/gpfs/projects/punim2826/Smith/Anti-Extraction-v2/data/ui_dataset/ground_truth/pil/news_0244.json,news
news_0245,images/pil/news_0245.png,/data/gpfs/projects/punim2826/Smith/Anti-Extraction-v2/data/ui_dataset/ground_truth/pil/news_0245.json,news
news_0246,images/pil/news_0246.png,/data/gpfs/projects/punim2826/Smith/Anti-Extraction-v2/data/ui_dataset/ground_truth/pil/news_0246.json,news
news_0247,images/pil/news_0247.png,/data/gpfs/projects/punim2826/Smith/Anti-Extraction-v2/data/ui_dataset/ground_truth/pil/news_0247.json,news
news_0248,images/pil/news_0248.png,/data/gpfs/projects/punim2826/Smith/Anti-Extraction-v2/data/ui_dataset/ground_truth/pil/news_0248.json,news
news_0249,images/pil/news_0249.png,/data/gpfs/projects/punim2826/Smith/Anti-Extraction-v2/data/ui_dataset/ground_truth/pil/news_0249.json,news
copyright_0000,images/pil/copyright_0000.png,/data/gpfs/projects/punim2826/Smith/Anti-Extraction-v2/data/ui_dataset/ground_truth/pil/copyright_0000.json,copyright
copyright_0001,images/pil/copyright_0001.png,/data/gpfs/projects/punim2826/Smith/Anti-Extraction-v2/data/ui_dataset/ground_truth/pil/copyright_0001.json,copyright
copyright_0002,images/pil/copyright_0002.png,/data/gpfs/projects/punim2826/Smith/Anti-Extraction-v2/data/ui_dataset/ground_truth/pil/copyright_0002.json,copyright
copyright_0003,images/pil/copyright_0003.png,/data/gpfs/projects/punim2826/Smith/Anti-Extraction-v2/data/ui_dataset/ground_truth/pil/copyright_0003.json,copyright
copyright_0004,images/pil/copyright_0004.png,/data/gpfs/projects/punim2826/Smith/Anti-Extraction-v2/data/ui_dataset/ground_truth/pil/copyright_0004.json,copyright
copyright_0005,images/pil/copyright_0005.png,/data/gpfs/projects/punim2826/Smith/Anti-Extraction-v2/data/ui_dataset/ground_truth/pil/copyright_0005.json,copyright
copyright_0006,images/pil/copyright_0006.png,/data/gpfs/projects/punim2826/Smith/Anti-Extraction-v2/data/ui_dataset/ground_truth/pil/copyright_0006.json,copyright
copyright_0007,images/pil/copyright_0007.png,/data/gpfs/projects/punim2826/Smith/Anti-Extraction-v2/data/ui_dataset/ground_truth/pil/copyright_0007.json,copyright
copyright_0008,images/pil/copyright_0008.png,/data/gpfs/projects/punim2826/Smith/Anti-Extraction-v2/data/ui_dataset/ground_truth/pil/copyright_0008.json,copyright
copyright_0009,images/pil/copyright_0009.png,/data/gpfs/projects/punim2826/Smith/Anti-Extraction-v2/data/ui_dataset/ground_truth/pil/copyright_0009.json,copyright
copyright_0010,images/pil/copyright_0010.png,/data/gpfs/projects/punim2826/Smith/Anti-Extraction-v2/data/ui_dataset/ground_truth/pil/copyright_0010.json,copyright
copyright_0011,images/pil/copyright_0011.png,/data/gpfs/projects/punim2826/Smith/Anti-Extraction-v2/data/ui_dataset/ground_truth/pil/copyright_0011.json,copyright
copyright_0012,images/pil/copyright_0012.png,/data/gpfs/projects/punim2826/Smith/Anti-Extraction-v2/data/ui_dataset/ground_truth/pil/copyright_0012.json,copyright
copyright_0013,images/pil/copyright_0013.png,/data/gpfs/projects/punim2826/Smith/Anti-Extraction-v2/data/ui_dataset/ground_truth/pil/copyright_0013.json,copyright
copyright_0014,images/pil/copyright_0014.png,/data/gpfs/projects/punim2826/Smith/Anti-Extraction-v2/data/ui_dataset/ground_truth/pil/copyright_0014.json,copyright
copyright_0015,images/pil/copyright_0015.png,/data/gpfs/projects/punim2826/Smith/Anti-Extraction-v2/data/ui_dataset/ground_truth/pil/copyright_0015.json,copyright
copyright_0016,images/pil/copyright_0016.png,/data/gpfs/projects/punim2826/Smith/Anti-Extraction-v2/data/ui_dataset/ground_truth/pil/copyright_0016.json,copyright
copyright_0017,images/pil/copyright_0017.png,/data/gpfs/projects/punim2826/Smith/Anti-Extraction-v2/data/ui_dataset/ground_truth/pil/copyright_0017.json,copyright
copyright_0018,images/pil/copyright_0018.png,/data/gpfs/projects/punim2826/Smith/Anti-Extraction-v2/data/ui_dataset/ground_truth/pil/copyright_0018.json,copyright
copyright_0019,images/pil/copyright_0019.png,/data/gpfs/projects/punim2826/Smith/Anti-Extraction-v2/data/ui_dataset/ground_truth/pil/copyright_0019.json,copyright
copyright_0020,images/pil/copyright_0020.png,/data/gpfs/projects/punim2826/Smith/Anti-Extraction-v2/data/ui_dataset/ground_truth/pil/copyright_0020.json,copyright
copyright_0021,images/pil/copyright_0021.png,/data/gpfs/projects/punim2826/Smith/Anti-Extraction-v2/data/ui_dataset/ground_truth/pil/copyright_0021.json,copyright
copyright_0022,images/pil/copyright_0022.png,/data/gpfs/projects/punim2826/Smith/Anti-Extraction-v2/data/ui_dataset/ground_truth/pil/copyright_0022.json,copyright
copyright_0023,images/pil/copyright_0023.png,/data/gpfs/projects/punim2826/Smith/Anti-Extraction-v2/data/ui_dataset/ground_truth/pil/copyright_0023.json,copyright
copyright_0024,images/pil/copyright_0024.png,/data/gpfs/projects/punim2826/Smith/Anti-Extraction-v2/data/ui_dataset/ground_truth/pil/copyright_0024.json,copyright
copyright_0025,images/pil/copyright_0025.png,/data/gpfs/projects/punim2826/Smith/Anti-Extraction-v2/data/ui_dataset/ground_truth/pil/copyright_0025.json,copyright
copyright_0026,images/pil/copyright_0026.png,/data/gpfs/projects/punim2826/Smith/Anti-Extraction-v2/data/ui_dataset/ground_truth/pil/copyright_0026.json,copyright
copyright_0027,images/pil/copyright_0027.png,/data/gpfs/projects/punim2826/Smith/Anti-Extraction-v2/data/ui_dataset/ground_truth/pil/copyright_0027.json,copyright
copyright_0028,images/pil/copyright_0028.png,/data/gpfs/projects/punim2826/Smith/Anti-Extraction-v2/data/ui_dataset/ground_truth/pil/copyright_0028.json,copyright
copyright_0029,images/pil/copyright_0029.png,/data/gpfs/projects/punim2826/Smith/Anti-Extraction-v2/data/ui_dataset/ground_truth/pil/copyright_0029.json,copyright
copyright_0030,images/pil/copyright_0030.png,/data/gpfs/projects/punim2826/Smith/Anti-Extraction-v2/data/ui_dataset/ground_truth/pil/copyright_0030.json,copyright
copyright_0031,images/pil/copyright_0031.png,/data/gpfs/projects/punim2826/Smith/Anti-Extraction-v2/data/ui_dataset/ground_truth/pil/copyright_0031.json,copyright
copyright_0032,images/pil/copyright_0032.png,/data/gpfs/projects/punim2826/Smith/Anti-Extraction-v2/data/ui_dataset/ground_truth/pil/copyright_0032.json,copyright
copyright_0033,images/pil/copyright_0033.png,/data/gpfs/projects/punim2826/Smith/Anti-Extraction-v2/data/ui_dataset/ground_truth/pil/copyright_0033.json,copyright
copyright_0034,images/pil/copyright_0034.png,/data/gpfs/projects/punim2826/Smith/Anti-Extraction-v2/data/ui_dataset/ground_truth/pil/copyright_0034.json,copyright
copyright_0035,images/pil/copyright_0035.png,/data/gpfs/projects/punim2826/Smith/Anti-Extraction-v2/data/ui_dataset/ground_truth/pil/copyright_0035.json,copyright
copyright_0036,images/pil/copyright_0036.png,/data/gpfs/projects/punim2826/Smith/Anti-Extraction-v2/data/ui_dataset/ground_truth/pil/copyright_0036.json,copyright
copyright_0037,images/pil/copyright_0037.png,/data/gpfs/projects/punim2826/Smith/Anti-Extraction-v2/data/ui_dataset/ground_truth/pil/copyright_0037.json,copyright
copyright_0038,images/pil/copyright_0038.png,/data/gpfs/projects/punim2826/Smith/Anti-Extraction-v2/data/ui_dataset/ground_truth/pil/copyright_0038.json,copyright
copyright_0039,images/pil/copyright_0039.png,/data/gpfs/projects/punim2826/Smith/Anti-Extraction-v2/data/ui_dataset/ground_truth/pil/copyright_0039.json,copyright
copyright_0040,images/pil/copyright_0040.png,/data/gpfs/projects/punim2826/Smith/Anti-Extraction-v2/data/ui_dataset/ground_truth/pil/copyright_0040.json,copyright
copyright_0041,images/pil/copyright_0041.png,/data/gpfs/projects/punim2826/Smith/Anti-Extraction-v2/data/ui_dataset/ground_truth/pil/copyright_0041.json,copyright
copyright_0042,images/pil/copyright_0042.png,/data/gpfs/projects/punim2826/Smith/Anti-Extraction-v2/data/ui_dataset/ground_truth/pil/copyright_0042.json,copyright
copyright_0043,images/pil/copyright_0043.png,/data/gpfs/projects/punim2826/Smith/Anti-Extraction-v2/data/ui_dataset/ground_truth/pil/copyright_0043.json,copyright
copyright_0044,images/pil/copyright_0044.png,/data/gpfs/projects/punim2826/Smith/Anti-Extraction-v2/data/ui_dataset/ground_truth/pil/copyright_0044.json,copyright
copyright_0045,images/pil/copyright_0045.png,/data/gpfs/projects/punim2826/Smith/Anti-Extraction-v2/data/ui_dataset/ground_truth/pil/copyright_0045.json,copyright
copyright_0046,images/pil/copyright_0046.png,/data/gpfs/projects/punim2826/Smith/Anti-Extraction-v2/data/ui_dataset/ground_truth/pil/copyright_0046.json,copyright
copyright_0047,images/pil/copyright_0047.png,/data/gpfs/projects/punim2826/Smith/Anti-Extraction-v2/data/ui_dataset/ground_truth/pil/copyright_0047.json,copyright
copyright_0048,images/pil/copyright_0048.png,/data/gpfs/projects/punim2826/Smith/Anti-Extraction-v2/data/ui_dataset/ground_truth/pil/copyright_0048.json,copyright
copyright_0049,images/pil/copyright_0049.png,/data/gpfs/projects/punim2826/Smith/Anti-Extraction-v2/data/ui_dataset/ground_truth/pil/copyright_0049.json,copyright
copyright_0050,images/pil/copyright_0050.png,/data/gpfs/projects/punim2826/Smith/Anti-Extraction-v2/data/ui_dataset/ground_truth/pil/copyright_0050.json,copyright
copyright_0051,images/pil/copyright_0051.png,/data/gpfs/projects/punim2826/Smith/Anti-Extraction-v2/data/ui_dataset/ground_truth/pil/copyright_0051.json,copyright
copyright_0052,images/pil/copyright_0052.png,/data/gpfs/projects/punim2826/Smith/Anti-Extraction-v2/data/ui_dataset/ground_truth/pil/copyright_0052.json,copyright
copyright_0053,images/pil/copyright_0053.png,/data/gpfs/projects/punim2826/Smith/Anti-Extraction-v2/data/ui_dataset/ground_truth/pil/copyright_0053.json,copyright
copyright_0054,images/pil/copyright_0054.png,/data/gpfs/projects/punim2826/Smith/Anti-Extraction-v2/data/ui_dataset/ground_truth/pil/copyright_0054.json,copyright
copyright_0055,images/pil/copyright_0055.png,/data/gpfs/projects/punim2826/Smith/Anti-Extraction-v2/data/ui_dataset/ground_truth/pil/copyright_0055.json,copyright
copyright_0056,images/pil/copyright_0056.png,/data/gpfs/projects/punim2826/Smith/Anti-Extraction-v2/data/ui_dataset/ground_truth/pil/copyright_0056.json,copyright
copyright_0057,images/pil/copyright_0057.png,/data/gpfs/projects/punim2826/Smith/Anti-Extraction-v2/data/ui_dataset/ground_truth/pil/copyright_0057.json,copyright
copyright_0058,images/pil/copyright_0058.png,/data/gpfs/projects/punim2826/Smith/Anti-Extraction-v2/data/ui_dataset/ground_truth/pil/copyright_0058.json,copyright
copyright_0059,images/pil/copyright_0059.png,/data/gpfs/projects/punim2826/Smith/Anti-Extraction-v2/data/ui_dataset/ground_truth/pil/copyright_0059.json,copyright
copyright_0060,images/pil/copyright_0060.png,/data/gpfs/projects/punim2826/Smith/Anti-Extraction-v2/data/ui_dataset/ground_truth/pil/copyright_0060.json,copyright
copyright_0061,images/pil/copyright_0061.png,/data/gpfs/projects/punim2826/Smith/Anti-Extraction-v2/data/ui_dataset/ground_truth/pil/copyright_0061.json,copyright
copyright_0062,images/pil/copyright_0062.png,/data/gpfs/projects/punim2826/Smith/Anti-Extraction-v2/data/ui_dataset/ground_truth/pil/copyright_0062.json,copyright
copyright_0063,images/pil/copyright_0063.png,/data/gpfs/projects/punim2826/Smith/Anti-Extraction-v2/data/ui_dataset/ground_truth/pil/copyright_0063.json,copyright
copyright_0064,images/pil/copyright_0064.png,/data/gpfs/projects/punim2826/Smith/Anti-Extraction-v2/data/ui_dataset/ground_truth/pil/copyright_0064.json,copyright
copyright_0065,images/pil/copyright_0065.png,/data/gpfs/projects/punim2826/Smith/Anti-Extraction-v2/data/ui_dataset/ground_truth/pil/copyright_0065.json,copyright
copyright_0066,images/pil/copyright_0066.png,/data/gpfs/projects/punim2826/Smith/Anti-Extraction-v2/data/ui_dataset/ground_truth/pil/copyright_0066.json,copyright
copyright_0067,images/pil/copyright_0067.png,/data/gpfs/projects/punim2826/Smith/Anti-Extraction-v2/data/ui_dataset/ground_truth/pil/copyright_0067.json,copyright
copyright_0068,images/pil/copyright_0068.png,/data/gpfs/projects/punim2826/Smith/Anti-Extraction-v2/data/ui_dataset/ground_truth/pil/copyright_0068.json,copyright
copyright_0069,images/pil/copyright_0069.png,/data/gpfs/projects/punim2826/Smith/Anti-Extraction-v2/data/ui_dataset/ground_truth/pil/copyright_0069.json,copyright
copyright_0070,images/pil/copyright_0070.png,/data/gpfs/projects/punim2826/Smith/Anti-Extraction-v2/data/ui_dataset/ground_truth/pil/copyright_0070.json,copyright
copyright_0071,images/pil/copyright_0071.png,/data/gpfs/projects/punim2826/Smith/Anti-Extraction-v2/data/ui_dataset/ground_truth/pil/copyright_0071.json,copyright
copyright_0072,images/pil/copyright_0072.png,/data/gpfs/projects/punim2826/Smith/Anti-Extraction-v2/data/ui_dataset/ground_truth/pil/copyright_0072.json,copyright
copyright_0073,images/pil/copyright_0073.png,/data/gpfs/projects/punim2826/Smith/Anti-Extraction-v2/data/ui_dataset/ground_truth/pil/copyright_0073.json,copyright
copyright_0074,images/pil/copyright_0074.png,/data/gpfs/projects/punim2826/Smith/Anti-Extraction-v2/data/ui_dataset/ground_truth/pil/copyright_0074.json,copyright
copyright_0075,images/pil/copyright_0075.png,/data/gpfs/projects/punim2826/Smith/Anti-Extraction-v2/data/ui_dataset/ground_truth/pil/copyright_0075.json,copyright
copyright_0076,images/pil/copyright_0076.png,/data/gpfs/projects/punim2826/Smith/Anti-Extraction-v2/data/ui_dataset/ground_truth/pil/copyright_0076.json,copyright
copyright_0077,images/pil/copyright_0077.png,/data/gpfs/projects/punim2826/Smith/Anti-Extraction-v2/data/ui_dataset/ground_truth/pil/copyright_0077.json,copyright
copyright_0078,images/pil/copyright_0078.png,/data/gpfs/projects/punim2826/Smith/Anti-Extraction-v2/data/ui_dataset/ground_truth/pil/copyright_0078.json,copyright
copyright_0079,images/pil/copyright_0079.png,/data/gpfs/projects/punim2826/Smith/Anti-Extraction-v2/data/ui_dataset/ground_truth/pil/copyright_0079.json,copyright
copyright_0080,images/pil/copyright_0080.png,/data/gpfs/projects/punim2826/Smith/Anti-Extraction-v2/data/ui_dataset/ground_truth/pil/copyright_0080.json,copyright
copyright_0081,images/pil/copyright_0081.png,/data/gpfs/projects/punim2826/Smith/Anti-Extraction-v2/data/ui_dataset/ground_truth/pil/copyright_0081.json,copyright
copyright_0082,images/pil/copyright_0082.png,/data/gpfs/projects/punim2826/Smith/Anti-Extraction-v2/data/ui_dataset/ground_truth/pil/copyright_0082.json,copyright
copyright_0083,images/pil/copyright_0083.png,/data/gpfs/projects/punim2826/Smith/Anti-Extraction-v2/data/ui_dataset/ground_truth/pil/copyright_0083.json,copyright
copyright_0084,images/pil/copyright_0084.png,/data/gpfs/projects/punim2826/Smith/Anti-Extraction-v2/data/ui_dataset/ground_truth/pil/copyright_0084.json,copyright
copyright_0085,images/pil/copyright_0085.png,/data/gpfs/projects/punim2826/Smith/Anti-Extraction-v2/data/ui_dataset/ground_truth/pil/copyright_0085.json,copyright
copyright_0086,images/pil/copyright_0086.png,/data/gpfs/projects/punim2826/Smith/Anti-Extraction-v2/data/ui_dataset/ground_truth/pil/copyright_0086.json,copyright
copyright_0087,images/pil/copyright_0087.png,/data/gpfs/projects/punim2826/Smith/Anti-Extraction-v2/data/ui_dataset/ground_truth/pil/copyright_0087.json,copyright
copyright_0088,images/pil/copyright_0088.png,/data/gpfs/projects/punim2826/Smith/Anti-Extraction-v2/data/ui_dataset/ground_truth/pil/copyright_0088.json,copyright
copyright_0089,images/pil/copyright_0089.png,/data/gpfs/projects/punim2826/Smith/Anti-Extraction-v2/data/ui_dataset/ground_truth/pil/copyright_0089.json,copyright
copyright_0090,images/pil/copyright_0090.png,/data/gpfs/projects/punim2826/Smith/Anti-Extraction-v2/data/ui_dataset/ground_truth/pil/copyright_0090.json,copyright
copyright_0091,images/pil/copyright_0091.png,/data/gpfs/projects/punim2826/Smith/Anti-Extraction-v2/data/ui_dataset/ground_truth/pil/copyright_0091.json,copyright
copyright_0092,images/pil/copyright_0092.png,/data/gpfs/projects/punim2826/Smith/Anti-Extraction-v2/data/ui_dataset/ground_truth/pil/copyright_0092.json,copyright
copyright_0093,images/pil/copyright_0093.png,/data/gpfs/projects/punim2826/Smith/Anti-Extraction-v2/data/ui_dataset/ground_truth/pil/copyright_0093.json,copyright
copyright_0094,images/pil/copyright_0094.png,/data/gpfs/projects/punim2826/Smith/Anti-Extraction-v2/data/ui_dataset/ground_truth/pil/copyright_0094.json,copyright
copyright_0095,images/pil/copyright_0095.png,/data/gpfs/projects/punim2826/Smith/Anti-Extraction-v2/data/ui_dataset/ground_truth/pil/copyright_0095.json,copyright
copyright_0096,images/pil/copyright_0096.png,/data/gpfs/projects/punim2826/Smith/Anti-Extraction-v2/data/ui_dataset/ground_truth/pil/copyright_0096.json,copyright
copyright_0097,images/pil/copyright_0097.png,/data/gpfs/projects/punim2826/Smith/Anti-Extraction-v2/data/ui_dataset/ground_truth/pil/copyright_0097.json,copyright
copyright_0098,images/pil/copyright_0098.png,/data/gpfs/projects/punim2826/Smith/Anti-Extraction-v2/data/ui_dataset/ground_truth/pil/copyright_0098.json,copyright
copyright_0099,images/pil/copyright_0099.png,/data/gpfs/projects/punim2826/Smith/Anti-Extraction-v2/data/ui_dataset/ground_truth/pil/copyright_0099.json,copyright
copyright_0100,images/pil/copyright_0100.png,/data/gpfs/projects/punim2826/Smith/Anti-Extraction-v2/data/ui_dataset/ground_truth/pil/copyright_0100.json,copyright
copyright_0101,images/pil/copyright_0101.png,/data/gpfs/projects/punim2826/Smith/Anti-Extraction-v2/data/ui_dataset/ground_truth/pil/copyright_0101.json,copyright
copyright_0102,images/pil/copyright_0102.png,/data/gpfs/projects/punim2826/Smith/Anti-Extraction-v2/data/ui_dataset/ground_truth/pil/copyright_0102.json,copyright
copyright_0103,images/pil/copyright_0103.png,/data/gpfs/projects/punim2826/Smith/Anti-Extraction-v2/data/ui_dataset/ground_truth/pil/copyright_0103.json,copyright
copyright_0104,images/pil/copyright_0104.png,/data/gpfs/projects/punim2826/Smith/Anti-Extraction-v2/data/ui_dataset/ground_truth/pil/copyright_0104.json,copyright
copyright_0105,images/pil/copyright_0105.png,/data/gpfs/projects/punim2826/Smith/Anti-Extraction-v2/data/ui_dataset/ground_truth/pil/copyright_0105.json,copyright
copyright_0106,images/pil/copyright_0106.png,/data/gpfs/projects/punim2826/Smith/Anti-Extraction-v2/data/ui_dataset/ground_truth/pil/copyright_0106.json,copyright
copyright_0107,images/pil/copyright_0107.png,/data/gpfs/projects/punim2826/Smith/Anti-Extraction-v2/data/ui_dataset/ground_truth/pil/copyright_0107.json,copyright
copyright_0108,images/pil/copyright_0108.png,/data/gpfs/projects/punim2826/Smith/Anti-Extraction-v2/data/ui_dataset/ground_truth/pil/copyright_0108.json,copyright
copyright_0109,images/pil/copyright_0109.png,/data/gpfs/projects/punim2826/Smith/Anti-Extraction-v2/data/ui_dataset/ground_truth/pil/copyright_0109.json,copyright
copyright_0110,images/pil/copyright_0110.png,/data/gpfs/projects/punim2826/Smith/Anti-Extraction-v2/data/ui_dataset/ground_truth/pil/copyright_0110.json,copyright
copyright_0111,images/pil/copyright_0111.png,/data/gpfs/projects/punim2826/Smith/Anti-Extraction-v2/data/ui_dataset/ground_truth/pil/copyright_0111.json,copyright
copyright_0112,images/pil/copyright_0112.png,/data/gpfs/projects/punim2826/Smith/Anti-Extraction-v2/data/ui_dataset/ground_truth/pil/copyright_0112.json,copyright
copyright_0113,images/pil/copyright_0113.png,/data/gpfs/projects/punim2826/Smith/Anti-Extraction-v2/data/ui_dataset/ground_truth/pil/copyright_0113.json,copyright
copyright_0114,images/pil/copyright_0114.png,/data/gpfs/projects/punim2826/Smith/Anti-Extraction-v2/data/ui_dataset/ground_truth/pil/copyright_0114.json,copyright
copyright_0115,images/pil/copyright_0115.png,/data/gpfs/projects/punim2826/Smith/Anti-Extraction-v2/data/ui_dataset/ground_truth/pil/copyright_0115.json,copyright
copyright_0116,images/pil/copyright_0116.png,/data/gpfs/projects/punim2826/Smith/Anti-Extraction-v2/data/ui_dataset/ground_truth/pil/copyright_0116.json,copyright
copyright_0117,images/pil/copyright_0117.png,/data/gpfs/projects/punim2826/Smith/Anti-Extraction-v2/data/ui_dataset/ground_truth/pil/copyright_0117.json,copyright
copyright_0118,images/pil/copyright_0118.png,/data/gpfs/projects/punim2826/Smith/Anti-Extraction-v2/data/ui_dataset/ground_truth/pil/copyright_0118.json,copyright
copyright_0119,images/pil/copyright_0119.png,/data/gpfs/projects/punim2826/Smith/Anti-Extraction-v2/data/ui_dataset/ground_truth/pil/copyright_0119.json,copyright
copyright_0120,images/pil/copyright_0120.png,/data/gpfs/projects/punim2826/Smith/Anti-Extraction-v2/data/ui_dataset/ground_truth/pil/copyright_0120.json,copyright
copyright_0121,images/pil/copyright_0121.png,/data/gpfs/projects/punim2826/Smith/Anti-Extraction-v2/data/ui_dataset/ground_truth/pil/copyright_0121.json,copyright
copyright_0122,images/pil/copyright_0122.png,/data/gpfs/projects/punim2826/Smith/Anti-Extraction-v2/data/ui_dataset/ground_truth/pil/copyright_0122.json,copyright
copyright_0123,images/pil/copyright_0123.png,/data/gpfs/projects/punim2826/Smith/Anti-Extraction-v2/data/ui_dataset/ground_truth/pil/copyright_0123.json,copyright
copyright_0124,images/pil/copyright_0124.png,/data/gpfs/projects/punim2826/Smith/Anti-Extraction-v2/data/ui_dataset/ground_truth/pil/copyright_0124.json,copyright
copyright_0125,images/pil/copyright_0125.png,/data/gpfs/projects/punim2826/Smith/Anti-Extraction-v2/data/ui_dataset/ground_truth/pil/copyright_0125.json,copyright
copyright_0126,images/pil/copyright_0126.png,/data/gpfs/projects/punim2826/Smith/Anti-Extraction-v2/data/ui_dataset/ground_truth/pil/copyright_0126.json,copyright
copyright_0127,images/pil/copyright_0127.png,/data/gpfs/projects/punim2826/Smith/Anti-Extraction-v2/data/ui_dataset/ground_truth/pil/copyright_0127.json,copyright
copyright_0128,images/pil/copyright_0128.png,/data/gpfs/projects/punim2826/Smith/Anti-Extraction-v2/data/ui_dataset/ground_truth/pil/copyright_0128.json,copyright
copyright_0129,images/pil/copyright_0129.png,/data/gpfs/projects/punim2826/Smith/Anti-Extraction-v2/data/ui_dataset/ground_truth/pil/copyright_0129.json,copyright
copyright_0130,images/pil/copyright_0130.png,/data/gpfs/projects/punim2826/Smith/Anti-Extraction-v2/data/ui_dataset/ground_truth/pil/copyright_0130.json,copyright
copyright_0131,images/pil/copyright_0131.png,/data/gpfs/projects/punim2826/Smith/Anti-Extraction-v2/data/ui_dataset/ground_truth/pil/copyright_0131.json,copyright
copyright_0132,images/pil/copyright_0132.png,/data/gpfs/projects/punim2826/Smith/Anti-Extraction-v2/data/ui_dataset/ground_truth/pil/copyright_0132.json,copyright
copyright_0133,images/pil/copyright_0133.png,/data/gpfs/projects/punim2826/Smith/Anti-Extraction-v2/data/ui_dataset/ground_truth/pil/copyright_0133.json,copyright
copyright_0134,images/pil/copyright_0134.png,/data/gpfs/projects/punim2826/Smith/Anti-Extraction-v2/data/ui_dataset/ground_truth/pil/copyright_0134.json,copyright
copyright_0135,images/pil/copyright_0135.png,/data/gpfs/projects/punim2826/Smith/Anti-Extraction-v2/data/ui_dataset/ground_truth/pil/copyright_0135.json,copyright
copyright_0136,images/pil/copyright_0136.png,/data/gpfs/projects/punim2826/Smith/Anti-Extraction-v2/data/ui_dataset/ground_truth/pil/copyright_0136.json,copyright
copyright_0137,images/pil/copyright_0137.png,/data/gpfs/projects/punim2826/Smith/Anti-Extraction-v2/data/ui_dataset/ground_truth/pil/copyright_0137.json,copyright
copyright_0138,images/pil/copyright_0138.png,/data/gpfs/projects/punim2826/Smith/Anti-Extraction-v2/data/ui_dataset/ground_truth/pil/copyright_0138.json,copyright
copyright_0139,images/pil/copyright_0139.png,/data/gpfs/projects/punim2826/Smith/Anti-Extraction-v2/data/ui_dataset/ground_truth/pil/copyright_0139.json,copyright
copyright_0140,images/pil/copyright_0140.png,/data/gpfs/projects/punim2826/Smith/Anti-Extraction-v2/data/ui_dataset/ground_truth/pil/copyright_0140.json,copyright
copyright_0141,images/pil/copyright_0141.png,/data/gpfs/projects/punim2826/Smith/Anti-Extraction-v2/data/ui_dataset/ground_truth/pil/copyright_0141.json,copyright
copyright_0142,images/pil/copyright_0142.png,/data/gpfs/projects/punim2826/Smith/Anti-Extraction-v2/data/ui_dataset/ground_truth/pil/copyright_0142.json,copyright
copyright_0143,images/pil/copyright_0143.png,/data/gpfs/projects/punim2826/Smith/Anti-Extraction-v2/data/ui_dataset/ground_truth/pil/copyright_0143.json,copyright
copyright_0144,images/pil/copyright_0144.png,/data/gpfs/projects/punim2826/Smith/Anti-Extraction-v2/data/ui_dataset/ground_truth/pil/copyright_0144.json,copyright
copyright_0145,images/pil/copyright_0145.png,/data/gpfs/projects/punim2826/Smith/Anti-Extraction-v2/data/ui_dataset/ground_truth/pil/copyright_0145.json,copyright
copyright_0146,images/pil/copyright_0146.png,/data/gpfs/projects/punim2826/Smith/Anti-Extraction-v2/data/ui_dataset/ground_truth/pil/copyright_0146.json,copyright
copyright_0147,images/pil/copyright_0147.png,/data/gpfs/projects/punim2826/Smith/Anti-Extraction-v2/data/ui_dataset/ground_truth/pil/copyright_0147.json,copyright
copyright_0148,images/pil/copyright_0148.png,/data/gpfs/projects/punim2826/Smith/Anti-Extraction-v2/data/ui_dataset/ground_truth/pil/copyright_0148.json,copyright
copyright_0149,images/pil/copyright_0149.png,/data/gpfs/projects/punim2826/Smith/Anti-Extraction-v2/data/ui_dataset/ground_truth/pil/copyright_0149.json,copyright
copyright_0150,images/pil/copyright_0150.png,/data/gpfs/projects/punim2826/Smith/Anti-Extraction-v2/data/ui_dataset/ground_truth/pil/copyright_0150.json,copyright
copyright_0151,images/pil/copyright_0151.png,/data/gpfs/projects/punim2826/Smith/Anti-Extraction-v2/data/ui_dataset/ground_truth/pil/copyright_0151.json,copyright
copyright_0152,images/pil/copyright_0152.png,/data/gpfs/projects/punim2826/Smith/Anti-Extraction-v2/data/ui_dataset/ground_truth/pil/copyright_0152.json,copyright
copyright_0153,images/pil/copyright_0153.png,/data/gpfs/projects/punim2826/Smith/Anti-Extraction-v2/data/ui_dataset/ground_truth/pil/copyright_0153.json,copyright
copyright_0154,images/pil/copyright_0154.png,/data/gpfs/projects/punim2826/Smith/Anti-Extraction-v2/data/ui_dataset/ground_truth/pil/copyright_0154.json,copyright
copyright_0155,images/pil/copyright_0155.png,/data/gpfs/projects/punim2826/Smith/Anti-Extraction-v2/data/ui_dataset/ground_truth/pil/copyright_0155.json,copyright
copyright_0156,images/pil/copyright_0156.png,/data/gpfs/projects/punim2826/Smith/Anti-Extraction-v2/data/ui_dataset/ground_truth/pil/copyright_0156.json,copyright
copyright_0157,images/pil/copyright_0157.png,/data/gpfs/projects/punim2826/Smith/Anti-Extraction-v2/data/ui_dataset/ground_truth/pil/copyright_0157.json,copyright
copyright_0158,images/pil/copyright_0158.png,/data/gpfs/projects/punim2826/Smith/Anti-Extraction-v2/data/ui_dataset/ground_truth/pil/copyright_0158.json,copyright
copyright_0159,images/pil/copyright_0159.png,/data/gpfs/projects/punim2826/Smith/Anti-Extraction-v2/data/ui_dataset/ground_truth/pil/copyright_0159.json,copyright
copyright_0160,images/pil/copyright_0160.png,/data/gpfs/projects/punim2826/Smith/Anti-Extraction-v2/data/ui_dataset/ground_truth/pil/copyright_0160.json,copyright
copyright_0161,images/pil/copyright_0161.png,/data/gpfs/projects/punim2826/Smith/Anti-Extraction-v2/data/ui_dataset/ground_truth/pil/copyright_0161.json,copyright
copyright_0162,images/pil/copyright_0162.png,/data/gpfs/projects/punim2826/Smith/Anti-Extraction-v2/data/ui_dataset/ground_truth/pil/copyright_0162.json,copyright
copyright_0163,images/pil/copyright_0163.png,/data/gpfs/projects/punim2826/Smith/Anti-Extraction-v2/data/ui_dataset/ground_truth/pil/copyright_0163.json,copyright
copyright_0164,images/pil/copyright_0164.png,/data/gpfs/projects/punim2826/Smith/Anti-Extraction-v2/data/ui_dataset/ground_truth/pil/copyright_0164.json,copyright
copyright_0165,images/pil/copyright_0165.png,/data/gpfs/projects/punim2826/Smith/Anti-Extraction-v2/data/ui_dataset/ground_truth/pil/copyright_0165.json,copyright
copyright_0166,images/pil/copyright_0166.png,/data/gpfs/projects/punim2826/Smith/Anti-Extraction-v2/data/ui_dataset/ground_truth/pil/copyright_0166.json,copyright
copyright_0167,images/pil/copyright_0167.png,/data/gpfs/projects/punim2826/Smith/Anti-Extraction-v2/data/ui_dataset/ground_truth/pil/copyright_0167.json,copyright
copyright_0168,images/pil/copyright_0168.png,/data/gpfs/projects/punim2826/Smith/Anti-Extraction-v2/data/ui_dataset/ground_truth/pil/copyright_0168.json,copyright
copyright_0169,images/pil/copyright_0169.png,/data/gpfs/projects/punim2826/Smith/Anti-Extraction-v2/data/ui_dataset/ground_truth/pil/copyright_0169.json,copyright
copyright_0170,images/pil/copyright_0170.png,/data/gpfs/projects/punim2826/Smith/Anti-Extraction-v2/data/ui_dataset/ground_truth/pil/copyright_0170.json,copyright
copyright_0171,images/pil/copyright_0171.png,/data/gpfs/projects/punim2826/Smith/Anti-Extraction-v2/data/ui_dataset/ground_truth/pil/copyright_0171.json,copyright
copyright_0172,images/pil/copyright_0172.png,/data/gpfs/projects/punim2826/Smith/Anti-Extraction-v2/data/ui_dataset/ground_truth/pil/copyright_0172.json,copyright
copyright_0173,images/pil/copyright_0173.png,/data/gpfs/projects/punim2826/Smith/Anti-Extraction-v2/data/ui_dataset/ground_truth/pil/copyright_0173.json,copyright
copyright_0174,images/pil/copyright_0174.png,/data/gpfs/projects/punim2826/Smith/Anti-Extraction-v2/data/ui_dataset/ground_truth/pil/copyright_0174.json,copyright
copyright_0175,images/pil/copyright_0175.png,/data/gpfs/projects/punim2826/Smith/Anti-Extraction-v2/data/ui_dataset/ground_truth/pil/copyright_0175.json,copyright
copyright_0176,images/pil/copyright_0176.png,/data/gpfs/projects/punim2826/Smith/Anti-Extraction-v2/data/ui_dataset/ground_truth/pil/copyright_0176.json,copyright
copyright_0177,images/pil/copyright_0177.png,/data/gpfs/projects/punim2826/Smith/Anti-Extraction-v2/data/ui_dataset/ground_truth/pil/copyright_0177.json,copyright
copyright_0178,images/pil/copyright_0178.png,/data/gpfs/projects/punim2826/Smith/Anti-Extraction-v2/data/ui_dataset/ground_truth/pil/copyright_0178.json,copyright
copyright_0179,images/pil/copyright_0179.png,/data/gpfs/projects/punim2826/Smith/Anti-Extraction-v2/data/ui_dataset/ground_truth/pil/copyright_0179.json,copyright
copyright_0180,images/pil/copyright_0180.png,/data/gpfs/projects/punim2826/Smith/Anti-Extraction-v2/data/ui_dataset/ground_truth/pil/copyright_0180.json,copyright
copyright_0181,images/pil/copyright_0181.png,/data/gpfs/projects/punim2826/Smith/Anti-Extraction-v2/data/ui_dataset/ground_truth/pil/copyright_0181.json,copyright
copyright_0182,images/pil/copyright_0182.png,/data/gpfs/projects/punim2826/Smith/Anti-Extraction-v2/data/ui_dataset/ground_truth/pil/copyright_0182.json,copyright
copyright_0183,images/pil/copyright_0183.png,/data/gpfs/projects/punim2826/Smith/Anti-Extraction-v2/data/ui_dataset/ground_truth/pil/copyright_0183.json,copyright
copyright_0184,images/pil/copyright_0184.png,/data/gpfs/projects/punim2826/Smith/Anti-Extraction-v2/data/ui_dataset/ground_truth/pil/copyright_0184.json,copyright
copyright_0185,images/pil/copyright_0185.png,/data/gpfs/projects/punim2826/Smith/Anti-Extraction-v2/data/ui_dataset/ground_truth/pil/copyright_0185.json,copyright
copyright_0186,images/pil/copyright_0186.png,/data/gpfs/projects/punim2826/Smith/Anti-Extraction-v2/data/ui_dataset/ground_truth/pil/copyright_0186.json,copyright
copyright_0187,images/pil/copyright_0187.png,/data/gpfs/projects/punim2826/Smith/Anti-Extraction-v2/data/ui_dataset/ground_truth/pil/copyright_0187.json,copyright
copyright_0188,images/pil/copyright_0188.png,/data/gpfs/projects/punim2826/Smith/Anti-Extraction-v2/data/ui_dataset/ground_truth/pil/copyright_0188.json,copyright
copyright_0189,images/pil/copyright_0189.png,/data/gpfs/projects/punim2826/Smith/Anti-Extraction-v2/data/ui_dataset/ground_truth/pil/copyright_0189.json,copyright
copyright_0190,images/pil/copyright_0190.png,/data/gpfs/projects/punim2826/Smith/Anti-Extraction-v2/data/ui_dataset/ground_truth/pil/copyright_0190.json,copyright
copyright_0191,images/pil/copyright_0191.png,/data/gpfs/projects/punim2826/Smith/Anti-Extraction-v2/data/ui_dataset/ground_truth/pil/copyright_0191.json,copyright
copyright_0192,images/pil/copyright_0192.png,/data/gpfs/projects/punim2826/Smith/Anti-Extraction-v2/data/ui_dataset/ground_truth/pil/copyright_0192.json,copyright
copyright_0193,images/pil/copyright_0193.png,/data/gpfs/projects/punim2826/Smith/Anti-Extraction-v2/data/ui_dataset/ground_truth/pil/copyright_0193.json,copyright
copyright_0194,images/pil/copyright_0194.png,/data/gpfs/projects/punim2826/Smith/Anti-Extraction-v2/data/ui_dataset/ground_truth/pil/copyright_0194.json,copyright
copyright_0195,images/pil/copyright_0195.png,/data/gpfs/projects/punim2826/Smith/Anti-Extraction-v2/data/ui_dataset/ground_truth/pil/copyright_0195.json,copyright
copyright_0196,images/pil/copyright_0196.png,/data/gpfs/projects/punim2826/Smith/Anti-Extraction-v2/data/ui_dataset/ground_truth/pil/copyright_0196.json,copyright
copyright_0197,images/pil/copyright_0197.png,/data/gpfs/projects/punim2826/Smith/Anti-Extraction-v2/data/ui_dataset/ground_truth/pil/copyright_0197.json,copyright
copyright_0198,images/pil/copyright_0198.png,/data/gpfs/projects/punim2826/Smith/Anti-Extraction-v2/data/ui_dataset/ground_truth/pil/copyright_0198.json,copyright
copyright_0199,images/pil/copyright_0199.png,/data/gpfs/projects/punim2826/Smith/Anti-Extraction-v2/data/ui_dataset/ground_truth/pil/copyright_0199.json,copyright
copyright_0200,images/pil/copyright_0200.png,/data/gpfs/projects/punim2826/Smith/Anti-Extraction-v2/data/ui_dataset/ground_truth/pil/copyright_0200.json,copyright
copyright_0201,images/pil/copyright_0201.png,/data/gpfs/projects/punim2826/Smith/Anti-Extraction-v2/data/ui_dataset/ground_truth/pil/copyright_0201.json,copyright
copyright_0202,images/pil/copyright_0202.png,/data/gpfs/projects/punim2826/Smith/Anti-Extraction-v2/data/ui_dataset/ground_truth/pil/copyright_0202.json,copyright
copyright_0203,images/pil/copyright_0203.png,/data/gpfs/projects/punim2826/Smith/Anti-Extraction-v2/data/ui_dataset/ground_truth/pil/copyright_0203.json,copyright
copyright_0204,images/pil/copyright_0204.png,/data/gpfs/projects/punim2826/Smith/Anti-Extraction-v2/data/ui_dataset/ground_truth/pil/copyright_0204.json,copyright
copyright_0205,images/pil/copyright_0205.png,/data/gpfs/projects/punim2826/Smith/Anti-Extraction-v2/data/ui_dataset/ground_truth/pil/copyright_0205.json,copyright
copyright_0206,images/pil/copyright_0206.png,/data/gpfs/projects/punim2826/Smith/Anti-Extraction-v2/data/ui_dataset/ground_truth/pil/copyright_0206.json,copyright
copyright_0207,images/pil/copyright_0207.png,/data/gpfs/projects/punim2826/Smith/Anti-Extraction-v2/data/ui_dataset/ground_truth/pil/copyright_0207.json,copyright
copyright_0208,images/pil/copyright_0208.png,/data/gpfs/projects/punim2826/Smith/Anti-Extraction-v2/data/ui_dataset/ground_truth/pil/copyright_0208.json,copyright
copyright_0209,images/pil/copyright_0209.png,/data/gpfs/projects/punim2826/Smith/Anti-Extraction-v2/data/ui_dataset/ground_truth/pil/copyright_0209.json,copyright
copyright_0210,images/pil/copyright_0210.png,/data/gpfs/projects/punim2826/Smith/Anti-Extraction-v2/data/ui_dataset/ground_truth/pil/copyright_0210.json,copyright
copyright_0211,images/pil/copyright_0211.png,/data/gpfs/projects/punim2826/Smith/Anti-Extraction-v2/data/ui_dataset/ground_truth/pil/copyright_0211.json,copyright
copyright_0212,images/pil/copyright_0212.png,/data/gpfs/projects/punim2826/Smith/Anti-Extraction-v2/data/ui_dataset/ground_truth/pil/copyright_0212.json,copyright
copyright_0213,images/pil/copyright_0213.png,/data/gpfs/projects/punim2826/Smith/Anti-Extraction-v2/data/ui_dataset/ground_truth/pil/copyright_0213.json,copyright
copyright_0214,images/pil/copyright_0214.png,/data/gpfs/projects/punim2826/Smith/Anti-Extraction-v2/data/ui_dataset/ground_truth/pil/copyright_0214.json,copyright
copyright_0215,images/pil/copyright_0215.png,/data/gpfs/projects/punim2826/Smith/Anti-Extraction-v2/data/ui_dataset/ground_truth/pil/copyright_0215.json,copyright
copyright_0216,images/pil/copyright_0216.png,/data/gpfs/projects/punim2826/Smith/Anti-Extraction-v2/data/ui_dataset/ground_truth/pil/copyright_0216.json,copyright
copyright_0217,images/pil/copyright_0217.png,/data/gpfs/projects/punim2826/Smith/Anti-Extraction-v2/data/ui_dataset/ground_truth/pil/copyright_0217.json,copyright
copyright_0218,images/pil/copyright_0218.png,/data/gpfs/projects/punim2826/Smith/Anti-Extraction-v2/data/ui_dataset/ground_truth/pil/copyright_0218.json,copyright
copyright_0219,images/pil/copyright_0219.png,/data/gpfs/projects/punim2826/Smith/Anti-Extraction-v2/data/ui_dataset/ground_truth/pil/copyright_0219.json,copyright
copyright_0220,images/pil/copyright_0220.png,/data/gpfs/projects/punim2826/Smith/Anti-Extraction-v2/data/ui_dataset/ground_truth/pil/copyright_0220.json,copyright
copyright_0221,images/pil/copyright_0221.png,/data/gpfs/projects/punim2826/Smith/Anti-Extraction-v2/data/ui_dataset/ground_truth/pil/copyright_0221.json,copyright
copyright_0222,images/pil/copyright_0222.png,/data/gpfs/projects/punim2826/Smith/Anti-Extraction-v2/data/ui_dataset/ground_truth/pil/copyright_0222.json,copyright
copyright_0223,images/pil/copyright_0223.png,/data/gpfs/projects/punim2826/Smith/Anti-Extraction-v2/data/ui_dataset/ground_truth/pil/copyright_0223.json,copyright
copyright_0224,images/pil/copyright_0224.png,/data/gpfs/projects/punim2826/Smith/Anti-Extraction-v2/data/ui_dataset/ground_truth/pil/copyright_0224.json,copyright
copyright_0225,images/pil/copyright_0225.png,/data/gpfs/projects/punim2826/Smith/Anti-Extraction-v2/data/ui_dataset/ground_truth/pil/copyright_0225.json,copyright
copyright_0226,images/pil/copyright_0226.png,/data/gpfs/projects/punim2826/Smith/Anti-Extraction-v2/data/ui_dataset/ground_truth/pil/copyright_0226.json,copyright
copyright_0227,images/pil/copyright_0227.png,/data/gpfs/projects/punim2826/Smith/Anti-Extraction-v2/data/ui_dataset/ground_truth/pil/copyright_0227.json,copyright
copyright_0228,images/pil/copyright_0228.png,/data/gpfs/projects/punim2826/Smith/Anti-Extraction-v2/data/ui_dataset/ground_truth/pil/copyright_0228.json,copyright
copyright_0229,images/pil/copyright_0229.png,/data/gpfs/projects/punim2826/Smith/Anti-Extraction-v2/data/ui_dataset/ground_truth/pil/copyright_0229.json,copyright
copyright_0230,images/pil/copyright_0230.png,/data/gpfs/projects/punim2826/Smith/Anti-Extraction-v2/data/ui_dataset/ground_truth/pil/copyright_0230.json,copyright
copyright_0231,images/pil/copyright_0231.png,/data/gpfs/projects/punim2826/Smith/Anti-Extraction-v2/data/ui_dataset/ground_truth/pil/copyright_0231.json,copyright
copyright_0232,images/pil/copyright_0232.png,/data/gpfs/projects/punim2826/Smith/Anti-Extraction-v2/data/ui_dataset/ground_truth/pil/copyright_0232.json,copyright
copyright_0233,images/pil/copyright_0233.png,/data/gpfs/projects/punim2826/Smith/Anti-Extraction-v2/data/ui_dataset/ground_truth/pil/copyright_0233.json,copyright
copyright_0234,images/pil/copyright_0234.png,/data/gpfs/projects/punim2826/Smith/Anti-Extraction-v2/data/ui_dataset/ground_truth/pil/copyright_0234.json,copyright
copyright_0235,images/pil/copyright_0235.png,/data/gpfs/projects/punim2826/Smith/Anti-Extraction-v2/data/ui_dataset/ground_truth/pil/copyright_0235.json,copyright
copyright_0236,images/pil/copyright_0236.png,/data/gpfs/projects/punim2826/Smith/Anti-Extraction-v2/data/ui_dataset/ground_truth/pil/copyright_0236.json,copyright
copyright_0237,images/pil/copyright_0237.png,/data/gpfs/projects/punim2826/Smith/Anti-Extraction-v2/data/ui_dataset/ground_truth/pil/copyright_0237.json,copyright
copyright_0238,images/pil/copyright_0238.png,/data/gpfs/projects/punim2826/Smith/Anti-Extraction-v2/data/ui_dataset/ground_truth/pil/copyright_0238.json,copyright
copyright_0239,images/pil/copyright_0239.png,/data/gpfs/projects/punim2826/Smith/Anti-Extraction-v2/data/ui_dataset/ground_truth/pil/copyright_0239.json,copyright
copyright_0240,images/pil/copyright_0240.png,/data/gpfs/projects/punim2826/Smith/Anti-Extraction-v2/data/ui_dataset/ground_truth/pil/copyright_0240.json,copyright
copyright_0241,images/pil/copyright_0241.png,/data/gpfs/projects/punim2826/Smith/Anti-Extraction-v2/data/ui_dataset/ground_truth/pil/copyright_0241.json,copyright
copyright_0242,images/pil/copyright_0242.png,/data/gpfs/projects/punim2826/Smith/Anti-Extraction-v2/data/ui_dataset/ground_truth/pil/copyright_0242.json,copyright
copyright_0243,images/pil/copyright_0243.png,/data/gpfs/projects/punim2826/Smith/Anti-Extraction-v2/data/ui_dataset/ground_truth/pil/copyright_0243.json,copyright
copyright_0244,images/pil/copyright_0244.png,/data/gpfs/projects/punim2826/Smith/Anti-Extraction-v2/data/ui_dataset/ground_truth/pil/copyright_0244.json,copyright
copyright_0245,images/pil/copyright_0245.png,/data/gpfs/projects/punim2826/Smith/Anti-Extraction-v2/data/ui_dataset/ground_truth/pil/copyright_0245.json,copyright
copyright_0246,images/pil/copyright_0246.png,/data/gpfs/projects/punim2826/Smith/Anti-Extraction-v2/data/ui_dataset/ground_truth/pil/copyright_0246.json,copyright
copyright_0247,images/pil/copyright_0247.png,/data/gpfs/projects/punim2826/Smith/Anti-Extraction-v2/data/ui_dataset/ground_truth/pil/copyright_0247.json,copyright
copyright_0248,images/pil/copyright_0248.png,/data/gpfs/projects/punim2826/Smith/Anti-Extraction-v2/data/ui_dataset/ground_truth/pil/copyright_0248.json,copyright
copyright_0249,images/pil/copyright_0249.png,/data/gpfs/projects/punim2826/Smith/Anti-Extraction-v2/data/ui_dataset/ground_truth/pil/copyright_0249.json,copyright
legal_0000,images/pil/legal_0000.png,/data/gpfs/projects/punim2826/Smith/Anti-Extraction-v2/data/ui_dataset/ground_truth/pil/legal_0000.json,legal
legal_0001,images/pil/legal_0001.png,/data/gpfs/projects/punim2826/Smith/Anti-Extraction-v2/data/ui_dataset/ground_truth/pil/legal_0001.json,legal
legal_0002,images/pil/legal_0002.png,/data/gpfs/projects/punim2826/Smith/Anti-Extraction-v2/data/ui_dataset/ground_truth/pil/legal_0002.json,legal
legal_0003,images/pil/legal_0003.png,/data/gpfs/projects/punim2826/Smith/Anti-Extraction-v2/data/ui_dataset/ground_truth/pil/legal_0003.json,legal
legal_0004,images/pil/legal_0004.png,/data/gpfs/projects/punim2826/Smith/Anti-Extraction-v2/data/ui_dataset/ground_truth/pil/legal_0004.json,legal
legal_0005,images/pil/legal_0005.png,/data/gpfs/projects/punim2826/Smith/Anti-Extraction-v2/data/ui_dataset/ground_truth/pil/legal_0005.json,legal
legal_0006,images/pil/legal_0006.png,/data/gpfs/projects/punim2826/Smith/Anti-Extraction-v2/data/ui_dataset/ground_truth/pil/legal_0006.json,legal
legal_0007,images/pil/legal_0007.png,/data/gpfs/projects/punim2826/Smith/Anti-Extraction-v2/data/ui_dataset/ground_truth/pil/legal_0007.json,legal
legal_0008,images/pil/legal_0008.png,/data/gpfs/projects/punim2826/Smith/Anti-Extraction-v2/data/ui_dataset/ground_truth/pil/legal_0008.json,legal
legal_0009,images/pil/legal_0009.png,/data/gpfs/projects/punim2826/Smith/Anti-Extraction-v2/data/ui_dataset/ground_truth/pil/legal_0009.json,legal
legal_0010,images/pil/legal_0010.png,/data/gpfs/projects/punim2826/Smith/Anti-Extraction-v2/data/ui_dataset/ground_truth/pil/legal_0010.json,legal
legal_0011,images/pil/legal_0011.png,/data/gpfs/projects/punim2826/Smith/Anti-Extraction-v2/data/ui_dataset/ground_truth/pil/legal_0011.json,legal
legal_0012,images/pil/legal_0012.png,/data/gpfs/projects/punim2826/Smith/Anti-Extraction-v2/data/ui_dataset/ground_truth/pil/legal_0012.json,legal
legal_0013,images/pil/legal_0013.png,/data/gpfs/projects/punim2826/Smith/Anti-Extraction-v2/data/ui_dataset/ground_truth/pil/legal_0013.json,legal
legal_0014,images/pil/legal_0014.png,/data/gpfs/projects/punim2826/Smith/Anti-Extraction-v2/data/ui_dataset/ground_truth/pil/legal_0014.json,legal
legal_0015,images/pil/legal_0015.png,/data/gpfs/projects/punim2826/Smith/Anti-Extraction-v2/data/ui_dataset/ground_truth/pil/legal_0015.json,legal
legal_0016,images/pil/legal_0016.png,/data/gpfs/projects/punim2826/Smith/Anti-Extraction-v2/data/ui_dataset/ground_truth/pil/legal_0016.json,legal
legal_0017,images/pil/legal_0017.png,/data/gpfs/projects/punim2826/Smith/Anti-Extraction-v2/data/ui_dataset/ground_truth/pil/legal_0017.json,legal
legal_0018,images/pil/legal_0018.png,/data/gpfs/projects/punim2826/Smith/Anti-Extraction-v2/data/ui_dataset/ground_truth/pil/legal_0018.json,legal
legal_0019,images/pil/legal_0019.png,/data/gpfs/projects/punim2826/Smith/Anti-Extraction-v2/data/ui_dataset/ground_truth/pil/legal_0019.json,legal
legal_0020,images/pil/legal_0020.png,/data/gpfs/projects/punim2826/Smith/Anti-Extraction-v2/data/ui_dataset/ground_truth/pil/legal_0020.json,legal
legal_0021,images/pil/legal_0021.png,/data/gpfs/projects/punim2826/Smith/Anti-Extraction-v2/data/ui_dataset/ground_truth/pil/legal_0021.json,legal
legal_0022,images/pil/legal_0022.png,/data/gpfs/projects/punim2826/Smith/Anti-Extraction-v2/data/ui_dataset/ground_truth/pil/legal_0022.json,legal
legal_0023,images/pil/legal_0023.png,/data/gpfs/projects/punim2826/Smith/Anti-Extraction-v2/data/ui_dataset/ground_truth/pil/legal_0023.json,legal
legal_0024,images/pil/legal_0024.png,/data/gpfs/projects/punim2826/Smith/Anti-Extraction-v2/data/ui_dataset/ground_truth/pil/legal_0024.json,legal
legal_0025,images/pil/legal_0025.png,/data/gpfs/projects/punim2826/Smith/Anti-Extraction-v2/data/ui_dataset/ground_truth/pil/legal_0025.json,legal
legal_0026,images/pil/legal_0026.png,/data/gpfs/projects/punim2826/Smith/Anti-Extraction-v2/data/ui_dataset/ground_truth/pil/legal_0026.json,legal
legal_0027,images/pil/legal_0027.png,/data/gpfs/projects/punim2826/Smith/Anti-Extraction-v2/data/ui_dataset/ground_truth/pil/legal_0027.json,legal
legal_0028,images/pil/legal_0028.png,/data/gpfs/projects/punim2826/Smith/Anti-Extraction-v2/data/ui_dataset/ground_truth/pil/legal_0028.json,legal
legal_0029,images/pil/legal_0029.png,/data/gpfs/projects/punim2826/Smith/Anti-Extraction-v2/data/ui_dataset/ground_truth/pil/legal_0029.json,legal
legal_0030,images/pil/legal_0030.png,/data/gpfs/projects/punim2826/Smith/Anti-Extraction-v2/data/ui_dataset/ground_truth/pil/legal_0030.json,legal
legal_0031,images/pil/legal_0031.png,/data/gpfs/projects/punim2826/Smith/Anti-Extraction-v2/data/ui_dataset/ground_truth/pil/legal_0031.json,legal
legal_0032,images/pil/legal_0032.png,/data/gpfs/projects/punim2826/Smith/Anti-Extraction-v2/data/ui_dataset/ground_truth/pil/legal_0032.json,legal
legal_0033,images/pil/legal_0033.png,/data/gpfs/projects/punim2826/Smith/Anti-Extraction-v2/data/ui_dataset/ground_truth/pil/legal_0033.json,legal
legal_0034,images/pil/legal_0034.png,/data/gpfs/projects/punim2826/Smith/Anti-Extraction-v2/data/ui_dataset/ground_truth/pil/legal_0034.json,legal
legal_0035,images/pil/legal_0035.png,/data/gpfs/projects/punim2826/Smith/Anti-Extraction-v2/data/ui_dataset/ground_truth/pil/legal_0035.json,legal
legal_0036,images/pil/legal_0036.png,/data/gpfs/projects/punim2826/Smith/Anti-Extraction-v2/data/ui_dataset/ground_truth/pil/legal_0036.json,legal
legal_0037,images/pil/legal_0037.png,/data/gpfs/projects/punim2826/Smith/Anti-Extraction-v2/data/ui_dataset/ground_truth/pil/legal_0037.json,legal
legal_0038,images/pil/legal_0038.png,/data/gpfs/projects/punim2826/Smith/Anti-Extraction-v2/data/ui_dataset/ground_truth/pil/legal_0038.json,legal
legal_0039,images/pil/legal_0039.png,/data/gpfs/projects/punim2826/Smith/Anti-Extraction-v2/data/ui_dataset/ground_truth/pil/legal_0039.json,legal
legal_0040,images/pil/legal_0040.png,/data/gpfs/projects/punim2826/Smith/Anti-Extraction-v2/data/ui_dataset/ground_truth/pil/legal_0040.json,legal
legal_0041,images/pil/legal_0041.png,/data/gpfs/projects/punim2826/Smith/Anti-Extraction-v2/data/ui_dataset/ground_truth/pil/legal_0041.json,legal
legal_0042,images/pil/legal_0042.png,/data/gpfs/projects/punim2826/Smith/Anti-Extraction-v2/data/ui_dataset/ground_truth/pil/legal_0042.json,legal
legal_0043,images/pil/legal_0043.png,/data/gpfs/projects/punim2826/Smith/Anti-Extraction-v2/data/ui_dataset/ground_truth/pil/legal_0043.json,legal
legal_0044,images/pil/legal_0044.png,/data/gpfs/projects/punim2826/Smith/Anti-Extraction-v2/data/ui_dataset/ground_truth/pil/legal_0044.json,legal
legal_0045,images/pil/legal_0045.png,/data/gpfs/projects/punim2826/Smith/Anti-Extraction-v2/data/ui_dataset/ground_truth/pil/legal_0045.json,legal
legal_0046,images/pil/legal_0046.png,/data/gpfs/projects/punim2826/Smith/Anti-Extraction-v2/data/ui_dataset/ground_truth/pil/legal_0046.json,legal
legal_0047,images/pil/legal_0047.png,/data/gpfs/projects/punim2826/Smith/Anti-Extraction-v2/data/ui_dataset/ground_truth/pil/legal_0047.json,legal
legal_0048,images/pil/legal_0048.png,/data/gpfs/projects/punim2826/Smith/Anti-Extraction-v2/data/ui_dataset/ground_truth/pil/legal_0048.json,legal
legal_0049,images/pil/legal_0049.png,/data/gpfs/projects/punim2826/Smith/Anti-Extraction-v2/data/ui_dataset/ground_truth/pil/legal_0049.json,legal
legal_0050,images/pil/legal_0050.png,/data/gpfs/projects/punim2826/Smith/Anti-Extraction-v2/data/ui_dataset/ground_truth/pil/legal_0050.json,legal
legal_0051,images/pil/legal_0051.png,/data/gpfs/projects/punim2826/Smith/Anti-Extraction-v2/data/ui_dataset/ground_truth/pil/legal_0051.json,legal
legal_0052,images/pil/legal_0052.png,/data/gpfs/projects/punim2826/Smith/Anti-Extraction-v2/data/ui_dataset/ground_truth/pil/legal_0052.json,legal
legal_0053,images/pil/legal_0053.png,/data/gpfs/projects/punim2826/Smith/Anti-Extraction-v2/data/ui_dataset/ground_truth/pil/legal_0053.json,legal
legal_0054,images/pil/legal_0054.png,/data/gpfs/projects/punim2826/Smith/Anti-Extraction-v2/data/ui_dataset/ground_truth/pil/legal_0054.json,legal
legal_0055,images/pil/legal_0055.png,/data/gpfs/projects/punim2826/Smith/Anti-Extraction-v2/data/ui_dataset/ground_truth/pil/legal_0055.json,legal
legal_0056,images/pil/legal_0056.png,/data/gpfs/projects/punim2826/Smith/Anti-Extraction-v2/data/ui_dataset/ground_truth/pil/legal_0056.json,legal
legal_0057,images/pil/legal_0057.png,/data/gpfs/projects/punim2826/Smith/Anti-Extraction-v2/data/ui_dataset/ground_truth/pil/legal_0057.json,legal
legal_0058,images/pil/legal_0058.png,/data/gpfs/projects/punim2826/Smith/Anti-Extraction-v2/data/ui_dataset/ground_truth/pil/legal_0058.json,legal
legal_0059,images/pil/legal_0059.png,/data/gpfs/projects/punim2826/Smith/Anti-Extraction-v2/data/ui_dataset/ground_truth/pil/legal_0059.json,legal
legal_0060,images/pil/legal_0060.png,/data/gpfs/projects/punim2826/Smith/Anti-Extraction-v2/data/ui_dataset/ground_truth/pil/legal_0060.json,legal
legal_0061,images/pil/legal_0061.png,/data/gpfs/projects/punim2826/Smith/Anti-Extraction-v2/data/ui_dataset/ground_truth/pil/legal_0061.json,legal
legal_0062,images/pil/legal_0062.png,/data/gpfs/projects/punim2826/Smith/Anti-Extraction-v2/data/ui_dataset/ground_truth/pil/legal_0062.json,legal
legal_0063,images/pil/legal_0063.png,/data/gpfs/projects/punim2826/Smith/Anti-Extraction-v2/data/ui_dataset/ground_truth/pil/legal_0063.json,legal
legal_0064,images/pil/legal_0064.png,/data/gpfs/projects/punim2826/Smith/Anti-Extraction-v2/data/ui_dataset/ground_truth/pil/legal_0064.json,legal
legal_0065,images/pil/legal_0065.png,/data/gpfs/projects/punim2826/Smith/Anti-Extraction-v2/data/ui_dataset/ground_truth/pil/legal_0065.json,legal
legal_0066,images/pil/legal_0066.png,/data/gpfs/projects/punim2826/Smith/Anti-Extraction-v2/data/ui_dataset/ground_truth/pil/legal_0066.json,legal
legal_0067,images/pil/legal_0067.png,/data/gpfs/projects/punim2826/Smith/Anti-Extraction-v2/data/ui_dataset/ground_truth/pil/legal_0067.json,legal
legal_0068,images/pil/legal_0068.png,/data/gpfs/projects/punim2826/Smith/Anti-Extraction-v2/data/ui_dataset/ground_truth/pil/legal_0068.json,legal
legal_0069,images/pil/legal_0069.png,/data/gpfs/projects/punim2826/Smith/Anti-Extraction-v2/data/ui_dataset/ground_truth/pil/legal_0069.json,legal
legal_0070,images/pil/legal_0070.png,/data/gpfs/projects/punim2826/Smith/Anti-Extraction-v2/data/ui_dataset/ground_truth/pil/legal_0070.json,legal
legal_0071,images/pil/legal_0071.png,/data/gpfs/projects/punim2826/Smith/Anti-Extraction-v2/data/ui_dataset/ground_truth/pil/legal_0071.json,legal
legal_0072,images/pil/legal_0072.png,/data/gpfs/projects/punim2826/Smith/Anti-Extraction-v2/data/ui_dataset/ground_truth/pil/legal_0072.json,legal
legal_0073,images/pil/legal_0073.png,/data/gpfs/projects/punim2826/Smith/Anti-Extraction-v2/data/ui_dataset/ground_truth/pil/legal_0073.json,legal
legal_0074,images/pil/legal_0074.png,/data/gpfs/projects/punim2826/Smith/Anti-Extraction-v2/data/ui_dataset/ground_truth/pil/legal_0074.json,legal
legal_0075,images/pil/legal_0075.png,/data/gpfs/projects/punim2826/Smith/Anti-Extraction-v2/data/ui_dataset/ground_truth/pil/legal_0075.json,legal
legal_0076,images/pil/legal_0076.png,/data/gpfs/projects/punim2826/Smith/Anti-Extraction-v2/data/ui_dataset/ground_truth/pil/legal_0076.json,legal
legal_0077,images/pil/legal_0077.png,/data/gpfs/projects/punim2826/Smith/Anti-Extraction-v2/data/ui_dataset/ground_truth/pil/legal_0077.json,legal
legal_0078,images/pil/legal_0078.png,/data/gpfs/projects/punim2826/Smith/Anti-Extraction-v2/data/ui_dataset/ground_truth/pil/legal_0078.json,legal
legal_0079,images/pil/legal_0079.png,/data/gpfs/projects/punim2826/Smith/Anti-Extraction-v2/data/ui_dataset/ground_truth/pil/legal_0079.json,legal
legal_0080,images/pil/legal_0080.png,/data/gpfs/projects/punim2826/Smith/Anti-Extraction-v2/data/ui_dataset/ground_truth/pil/legal_0080.json,legal
legal_0081,images/pil/legal_0081.png,/data/gpfs/projects/punim2826/Smith/Anti-Extraction-v2/data/ui_dataset/ground_truth/pil/legal_0081.json,legal
legal_0082,images/pil/legal_0082.png,/data/gpfs/projects/punim2826/Smith/Anti-Extraction-v2/data/ui_dataset/ground_truth/pil/legal_0082.json,legal
legal_0083,images/pil/legal_0083.png,/data/gpfs/projects/punim2826/Smith/Anti-Extraction-v2/data/ui_dataset/ground_truth/pil/legal_0083.json,legal
legal_0084,images/pil/legal_0084.png,/data/gpfs/projects/punim2826/Smith/Anti-Extraction-v2/data/ui_dataset/ground_truth/pil/legal_0084.json,legal
legal_0085,images/pil/legal_0085.png,/data/gpfs/projects/punim2826/Smith/Anti-Extraction-v2/data/ui_dataset/ground_truth/pil/legal_0085.json,legal
legal_0086,images/pil/legal_0086.png,/data/gpfs/projects/punim2826/Smith/Anti-Extraction-v2/data/ui_dataset/ground_truth/pil/legal_0086.json,legal
legal_0087,images/pil/legal_0087.png,/data/gpfs/projects/punim2826/Smith/Anti-Extraction-v2/data/ui_dataset/ground_truth/pil/legal_0087.json,legal
legal_0088,images/pil/legal_0088.png,/data/gpfs/projects/punim2826/Smith/Anti-Extraction-v2/data/ui_dataset/ground_truth/pil/legal_0088.json,legal
legal_0089,images/pil/legal_0089.png,/data/gpfs/projects/punim2826/Smith/Anti-Extraction-v2/data/ui_dataset/ground_truth/pil/legal_0089.json,legal
legal_0090,images/pil/legal_0090.png,/data/gpfs/projects/punim2826/Smith/Anti-Extraction-v2/data/ui_dataset/ground_truth/pil/legal_0090.json,legal
legal_0091,images/pil/legal_0091.png,/data/gpfs/projects/punim2826/Smith/Anti-Extraction-v2/data/ui_dataset/ground_truth/pil/legal_0091.json,legal
legal_0092,images/pil/legal_0092.png,/data/gpfs/projects/punim2826/Smith/Anti-Extraction-v2/data/ui_dataset/ground_truth/pil/legal_0092.json,legal
legal_0093,images/pil/legal_0093.png,/data/gpfs/projects/punim2826/Smith/Anti-Extraction-v2/data/ui_dataset/ground_truth/pil/legal_0093.json,legal
legal_0094,images/pil/legal_0094.png,/data/gpfs/projects/punim2826/Smith/Anti-Extraction-v2/data/ui_dataset/ground_truth/pil/legal_0094.json,legal
legal_0095,images/pil/legal_0095.png,/data/gpfs/projects/punim2826/Smith/Anti-Extraction-v2/data/ui_dataset/ground_truth/pil/legal_0095.json,legal
legal_0096,images/pil/legal_0096.png,/data/gpfs/projects/punim2826/Smith/Anti-Extraction-v2/data/ui_dataset/ground_truth/pil/legal_0096.json,legal
legal_0097,images/pil/legal_0097.png,/data/gpfs/projects/punim2826/Smith/Anti-Extraction-v2/data/ui_dataset/ground_truth/pil/legal_0097.json,legal
legal_0098,images/pil/legal_0098.png,/data/gpfs/projects/punim2826/Smith/Anti-Extraction-v2/data/ui_dataset/ground_truth/pil/legal_0098.json,legal
legal_0099,images/pil/legal_0099.png,/data/gpfs/projects/punim2826/Smith/Anti-Extraction-v2/data/ui_dataset/ground_truth/pil/legal_0099.json,legal
legal_0100,images/pil/legal_0100.png,/data/gpfs/projects/punim2826/Smith/Anti-Extraction-v2/data/ui_dataset/ground_truth/pil/legal_0100.json,legal
legal_0101,images/pil/legal_0101.png,/data/gpfs/projects/punim2826/Smith/Anti-Extraction-v2/data/ui_dataset/ground_truth/pil/legal_0101.json,legal
legal_0102,images/pil/legal_0102.png,/data/gpfs/projects/punim2826/Smith/Anti-Extraction-v2/data/ui_dataset/ground_truth/pil/legal_0102.json,legal
legal_0103,images/pil/legal_0103.png,/data/gpfs/projects/punim2826/Smith/Anti-Extraction-v2/data/ui_dataset/ground_truth/pil/legal_0103.json,legal
legal_0104,images/pil/legal_0104.png,/data/gpfs/projects/punim2826/Smith/Anti-Extraction-v2/data/ui_dataset/ground_truth/pil/legal_0104.json,legal
legal_0105,images/pil/legal_0105.png,/data/gpfs/projects/punim2826/Smith/Anti-Extraction-v2/data/ui_dataset/ground_truth/pil/legal_0105.json,legal
legal_0106,images/pil/legal_0106.png,/data/gpfs/projects/punim2826/Smith/Anti-Extraction-v2/data/ui_dataset/ground_truth/pil/legal_0106.json,legal
legal_0107,images/pil/legal_0107.png,/data/gpfs/projects/punim2826/Smith/Anti-Extraction-v2/data/ui_dataset/ground_truth/pil/legal_0107.json,legal
legal_0108,images/pil/legal_0108.png,/data/gpfs/projects/punim2826/Smith/Anti-Extraction-v2/data/ui_dataset/ground_truth/pil/legal_0108.json,legal
legal_0109,images/pil/legal_0109.png,/data/gpfs/projects/punim2826/Smith/Anti-Extraction-v2/data/ui_dataset/ground_truth/pil/legal_0109.json,legal
legal_0110,images/pil/legal_0110.png,/data/gpfs/projects/punim2826/Smith/Anti-Extraction-v2/data/ui_dataset/ground_truth/pil/legal_0110.json,legal
legal_0111,images/pil/legal_0111.png,/data/gpfs/projects/punim2826/Smith/Anti-Extraction-v2/data/ui_dataset/ground_truth/pil/legal_0111.json,legal
legal_0112,images/pil/legal_0112.png,/data/gpfs/projects/punim2826/Smith/Anti-Extraction-v2/data/ui_dataset/ground_truth/pil/legal_0112.json,legal
legal_0113,images/pil/legal_0113.png,/data/gpfs/projects/punim2826/Smith/Anti-Extraction-v2/data/ui_dataset/ground_truth/pil/legal_0113.json,legal
legal_0114,images/pil/legal_0114.png,/data/gpfs/projects/punim2826/Smith/Anti-Extraction-v2/data/ui_dataset/ground_truth/pil/legal_0114.json,legal
legal_0115,images/pil/legal_0115.png,/data/gpfs/projects/punim2826/Smith/Anti-Extraction-v2/data/ui_dataset/ground_truth/pil/legal_0115.json,legal
legal_0116,images/pil/legal_0116.png,/data/gpfs/projects/punim2826/Smith/Anti-Extraction-v2/data/ui_dataset/ground_truth/pil/legal_0116.json,legal
legal_0117,images/pil/legal_0117.png,/data/gpfs/projects/punim2826/Smith/Anti-Extraction-v2/data/ui_dataset/ground_truth/pil/legal_0117.json,legal
legal_0118,images/pil/legal_0118.png,/data/gpfs/projects/punim2826/Smith/Anti-Extraction-v2/data/ui_dataset/ground_truth/pil/legal_0118.json,legal
legal_0119,images/pil/legal_0119.png,/data/gpfs/projects/punim2826/Smith/Anti-Extraction-v2/data/ui_dataset/ground_truth/pil/legal_0119.json,legal
legal_0120,images/pil/legal_0120.png,/data/gpfs/projects/punim2826/Smith/Anti-Extraction-v2/data/ui_dataset/ground_truth/pil/legal_0120.json,legal
legal_0121,images/pil/legal_0121.png,/data/gpfs/projects/punim2826/Smith/Anti-Extraction-v2/data/ui_dataset/ground_truth/pil/legal_0121.json,legal
legal_0122,images/pil/legal_0122.png,/data/gpfs/projects/punim2826/Smith/Anti-Extraction-v2/data/ui_dataset/ground_truth/pil/legal_0122.json,legal
legal_0123,images/pil/legal_0123.png,/data/gpfs/projects/punim2826/Smith/Anti-Extraction-v2/data/ui_dataset/ground_truth/pil/legal_0123.json,legal
legal_0124,images/pil/legal_0124.png,/data/gpfs/projects/punim2826/Smith/Anti-Extraction-v2/data/ui_dataset/ground_truth/pil/legal_0124.json,legal
legal_0125,images/pil/legal_0125.png,/data/gpfs/projects/punim2826/Smith/Anti-Extraction-v2/data/ui_dataset/ground_truth/pil/legal_0125.json,legal
legal_0126,images/pil/legal_0126.png,/data/gpfs/projects/punim2826/Smith/Anti-Extraction-v2/data/ui_dataset/ground_truth/pil/legal_0126.json,legal
legal_0127,images/pil/legal_0127.png,/data/gpfs/projects/punim2826/Smith/Anti-Extraction-v2/data/ui_dataset/ground_truth/pil/legal_0127.json,legal
legal_0128,images/pil/legal_0128.png,/data/gpfs/projects/punim2826/Smith/Anti-Extraction-v2/data/ui_dataset/ground_truth/pil/legal_0128.json,legal
legal_0129,images/pil/legal_0129.png,/data/gpfs/projects/punim2826/Smith/Anti-Extraction-v2/data/ui_dataset/ground_truth/pil/legal_0129.json,legal
legal_0130,images/pil/legal_0130.png,/data/gpfs/projects/punim2826/Smith/Anti-Extraction-v2/data/ui_dataset/ground_truth/pil/legal_0130.json,legal
legal_0131,images/pil/legal_0131.png,/data/gpfs/projects/punim2826/Smith/Anti-Extraction-v2/data/ui_dataset/ground_truth/pil/legal_0131.json,legal
legal_0132,images/pil/legal_0132.png,/data/gpfs/projects/punim2826/Smith/Anti-Extraction-v2/data/ui_dataset/ground_truth/pil/legal_0132.json,legal
legal_0133,images/pil/legal_0133.png,/data/gpfs/projects/punim2826/Smith/Anti-Extraction-v2/data/ui_dataset/ground_truth/pil/legal_0133.json,legal
legal_0134,images/pil/legal_0134.png,/data/gpfs/projects/punim2826/Smith/Anti-Extraction-v2/data/ui_dataset/ground_truth/pil/legal_0134.json,legal
legal_0135,images/pil/legal_0135.png,/data/gpfs/projects/punim2826/Smith/Anti-Extraction-v2/data/ui_dataset/ground_truth/pil/legal_0135.json,legal
legal_0136,images/pil/legal_0136.png,/data/gpfs/projects/punim2826/Smith/Anti-Extraction-v2/data/ui_dataset/ground_truth/pil/legal_0136.json,legal
legal_0137,images/pil/legal_0137.png,/data/gpfs/projects/punim2826/Smith/Anti-Extraction-v2/data/ui_dataset/ground_truth/pil/legal_0137.json,legal
legal_0138,images/pil/legal_0138.png,/data/gpfs/projects/punim2826/Smith/Anti-Extraction-v2/data/ui_dataset/ground_truth/pil/legal_0138.json,legal
legal_0139,images/pil/legal_0139.png,/data/gpfs/projects/punim2826/Smith/Anti-Extraction-v2/data/ui_dataset/ground_truth/pil/legal_0139.json,legal
legal_0140,images/pil/legal_0140.png,/data/gpfs/projects/punim2826/Smith/Anti-Extraction-v2/data/ui_dataset/ground_truth/pil/legal_0140.json,legal
legal_0141,images/pil/legal_0141.png,/data/gpfs/projects/punim2826/Smith/Anti-Extraction-v2/data/ui_dataset/ground_truth/pil/legal_0141.json,legal
legal_0142,images/pil/legal_0142.png,/data/gpfs/projects/punim2826/Smith/Anti-Extraction-v2/data/ui_dataset/ground_truth/pil/legal_0142.json,legal
legal_0143,images/pil/legal_0143.png,/data/gpfs/projects/punim2826/Smith/Anti-Extraction-v2/data/ui_dataset/ground_truth/pil/legal_0143.json,legal
legal_0144,images/pil/legal_0144.png,/data/gpfs/projects/punim2826/Smith/Anti-Extraction-v2/data/ui_dataset/ground_truth/pil/legal_0144.json,legal
legal_0145,images/pil/legal_0145.png,/data/gpfs/projects/punim2826/Smith/Anti-Extraction-v2/data/ui_dataset/ground_truth/pil/legal_0145.json,legal
legal_0146,images/pil/legal_0146.png,/data/gpfs/projects/punim2826/Smith/Anti-Extraction-v2/data/ui_dataset/ground_truth/pil/legal_0146.json,legal
legal_0147,images/pil/legal_0147.png,/data/gpfs/projects/punim2826/Smith/Anti-Extraction-v2/data/ui_dataset/ground_truth/pil/legal_0147.json,legal
legal_0148,images/pil/legal_0148.png,/data/gpfs/projects/punim2826/Smith/Anti-Extraction-v2/data/ui_dataset/ground_truth/pil/legal_0148.json,legal
legal_0149,images/pil/legal_0149.png,/data/gpfs/projects/punim2826/Smith/Anti-Extraction-v2/data/ui_dataset/ground_truth/pil/legal_0149.json,legal
legal_0150,images/pil/legal_0150.png,/data/gpfs/projects/punim2826/Smith/Anti-Extraction-v2/data/ui_dataset/ground_truth/pil/legal_0150.json,legal
legal_0151,images/pil/legal_0151.png,/data/gpfs/projects/punim2826/Smith/Anti-Extraction-v2/data/ui_dataset/ground_truth/pil/legal_0151.json,legal
legal_0152,images/pil/legal_0152.png,/data/gpfs/projects/punim2826/Smith/Anti-Extraction-v2/data/ui_dataset/ground_truth/pil/legal_0152.json,legal
legal_0153,images/pil/legal_0153.png,/data/gpfs/projects/punim2826/Smith/Anti-Extraction-v2/data/ui_dataset/ground_truth/pil/legal_0153.json,legal
legal_0154,images/pil/legal_0154.png,/data/gpfs/projects/punim2826/Smith/Anti-Extraction-v2/data/ui_dataset/ground_truth/pil/legal_0154.json,legal
legal_0155,images/pil/legal_0155.png,/data/gpfs/projects/punim2826/Smith/Anti-Extraction-v2/data/ui_dataset/ground_truth/pil/legal_0155.json,legal
legal_0156,images/pil/legal_0156.png,/data/gpfs/projects/punim2826/Smith/Anti-Extraction-v2/data/ui_dataset/ground_truth/pil/legal_0156.json,legal
legal_0157,images/pil/legal_0157.png,/data/gpfs/projects/punim2826/Smith/Anti-Extraction-v2/data/ui_dataset/ground_truth/pil/legal_0157.json,legal
legal_0158,images/pil/legal_0158.png,/data/gpfs/projects/punim2826/Smith/Anti-Extraction-v2/data/ui_dataset/ground_truth/pil/legal_0158.json,legal
legal_0159,images/pil/legal_0159.png,/data/gpfs/projects/punim2826/Smith/Anti-Extraction-v2/data/ui_dataset/ground_truth/pil/legal_0159.json,legal
legal_0160,images/pil/legal_0160.png,/data/gpfs/projects/punim2826/Smith/Anti-Extraction-v2/data/ui_dataset/ground_truth/pil/legal_0160.json,legal
legal_0161,images/pil/legal_0161.png,/data/gpfs/projects/punim2826/Smith/Anti-Extraction-v2/data/ui_dataset/ground_truth/pil/legal_0161.json,legal
legal_0162,images/pil/legal_0162.png,/data/gpfs/projects/punim2826/Smith/Anti-Extraction-v2/data/ui_dataset/ground_truth/pil/legal_0162.json,legal
legal_0163,images/pil/legal_0163.png,/data/gpfs/projects/punim2826/Smith/Anti-Extraction-v2/data/ui_dataset/ground_truth/pil/legal_0163.json,legal
legal_0164,images/pil/legal_0164.png,/data/gpfs/projects/punim2826/Smith/Anti-Extraction-v2/data/ui_dataset/ground_truth/pil/legal_0164.json,legal
legal_0165,images/pil/legal_0165.png,/data/gpfs/projects/punim2826/Smith/Anti-Extraction-v2/data/ui_dataset/ground_truth/pil/legal_0165.json,legal
legal_0166,images/pil/legal_0166.png,/data/gpfs/projects/punim2826/Smith/Anti-Extraction-v2/data/ui_dataset/ground_truth/pil/legal_0166.json,legal
legal_0167,images/pil/legal_0167.png,/data/gpfs/projects/punim2826/Smith/Anti-Extraction-v2/data/ui_dataset/ground_truth/pil/legal_0167.json,legal
legal_0168,images/pil/legal_0168.png,/data/gpfs/projects/punim2826/Smith/Anti-Extraction-v2/data/ui_dataset/ground_truth/pil/legal_0168.json,legal
legal_0169,images/pil/legal_0169.png,/data/gpfs/projects/punim2826/Smith/Anti-Extraction-v2/data/ui_dataset/ground_truth/pil/legal_0169.json,legal
legal_0170,images/pil/legal_0170.png,/data/gpfs/projects/punim2826/Smith/Anti-Extraction-v2/data/ui_dataset/ground_truth/pil/legal_0170.json,legal
legal_0171,images/pil/legal_0171.png,/data/gpfs/projects/punim2826/Smith/Anti-Extraction-v2/data/ui_dataset/ground_truth/pil/legal_0171.json,legal
legal_0172,images/pil/legal_0172.png,/data/gpfs/projects/punim2826/Smith/Anti-Extraction-v2/data/ui_dataset/ground_truth/pil/legal_0172.json,legal
legal_0173,images/pil/legal_0173.png,/data/gpfs/projects/punim2826/Smith/Anti-Extraction-v2/data/ui_dataset/ground_truth/pil/legal_0173.json,legal
legal_0174,images/pil/legal_0174.png,/data/gpfs/projects/punim2826/Smith/Anti-Extraction-v2/data/ui_dataset/ground_truth/pil/legal_0174.json,legal
legal_0175,images/pil/legal_0175.png,/data/gpfs/projects/punim2826/Smith/Anti-Extraction-v2/data/ui_dataset/ground_truth/pil/legal_0175.json,legal
legal_0176,images/pil/legal_0176.png,/data/gpfs/projects/punim2826/Smith/Anti-Extraction-v2/data/ui_dataset/ground_truth/pil/legal_0176.json,legal
legal_0177,images/pil/legal_0177.png,/data/gpfs/projects/punim2826/Smith/Anti-Extraction-v2/data/ui_dataset/ground_truth/pil/legal_0177.json,legal
legal_0178,images/pil/legal_0178.png,/data/gpfs/projects/punim2826/Smith/Anti-Extraction-v2/data/ui_dataset/ground_truth/pil/legal_0178.json,legal
legal_0179,images/pil/legal_0179.png,/data/gpfs/projects/punim2826/Smith/Anti-Extraction-v2/data/ui_dataset/ground_truth/pil/legal_0179.json,legal
legal_0180,images/pil/legal_0180.png,/data/gpfs/projects/punim2826/Smith/Anti-Extraction-v2/data/ui_dataset/ground_truth/pil/legal_0180.json,legal
legal_0181,images/pil/legal_0181.png,/data/gpfs/projects/punim2826/Smith/Anti-Extraction-v2/data/ui_dataset/ground_truth/pil/legal_0181.json,legal
legal_0182,images/pil/legal_0182.png,/data/gpfs/projects/punim2826/Smith/Anti-Extraction-v2/data/ui_dataset/ground_truth/pil/legal_0182.json,legal
legal_0183,images/pil/legal_0183.png,/data/gpfs/projects/punim2826/Smith/Anti-Extraction-v2/data/ui_dataset/ground_truth/pil/legal_0183.json,legal
legal_0184,images/pil/legal_0184.png,/data/gpfs/projects/punim2826/Smith/Anti-Extraction-v2/data/ui_dataset/ground_truth/pil/legal_0184.json,legal
legal_0185,images/pil/legal_0185.png,/data/gpfs/projects/punim2826/Smith/Anti-Extraction-v2/data/ui_dataset/ground_truth/pil/legal_0185.json,legal
legal_0186,images/pil/legal_0186.png,/data/gpfs/projects/punim2826/Smith/Anti-Extraction-v2/data/ui_dataset/ground_truth/pil/legal_0186.json,legal
legal_0187,images/pil/legal_0187.png,/data/gpfs/projects/punim2826/Smith/Anti-Extraction-v2/data/ui_dataset/ground_truth/pil/legal_0187.json,legal
legal_0188,images/pil/legal_0188.png,/data/gpfs/projects/punim2826/Smith/Anti-Extraction-v2/data/ui_dataset/ground_truth/pil/legal_0188.json,legal
legal_0189,images/pil/legal_0189.png,/data/gpfs/projects/punim2826/Smith/Anti-Extraction-v2/data/ui_dataset/ground_truth/pil/legal_0189.json,legal
legal_0190,images/pil/legal_0190.png,/data/gpfs/projects/punim2826/Smith/Anti-Extraction-v2/data/ui_dataset/ground_truth/pil/legal_0190.json,legal
legal_0191,images/pil/legal_0191.png,/data/gpfs/projects/punim2826/Smith/Anti-Extraction-v2/data/ui_dataset/ground_truth/pil/legal_0191.json,legal
legal_0192,images/pil/legal_0192.png,/data/gpfs/projects/punim2826/Smith/Anti-Extraction-v2/data/ui_dataset/ground_truth/pil/legal_0192.json,legal
legal_0193,images/pil/legal_0193.png,/data/gpfs/projects/punim2826/Smith/Anti-Extraction-v2/data/ui_dataset/ground_truth/pil/legal_0193.json,legal
legal_0194,images/pil/legal_0194.png,/data/gpfs/projects/punim2826/Smith/Anti-Extraction-v2/data/ui_dataset/ground_truth/pil/legal_0194.json,legal
legal_0195,images/pil/legal_0195.png,/data/gpfs/projects/punim2826/Smith/Anti-Extraction-v2/data/ui_dataset/ground_truth/pil/legal_0195.json,legal
legal_0196,images/pil/legal_0196.png,/data/gpfs/projects/punim2826/Smith/Anti-Extraction-v2/data/ui_dataset/ground_truth/pil/legal_0196.json,legal
legal_0197,images/pil/legal_0197.png,/data/gpfs/projects/punim2826/Smith/Anti-Extraction-v2/data/ui_dataset/ground_truth/pil/legal_0197.json,legal
legal_0198,images/pil/legal_0198.png,/data/gpfs/projects/punim2826/Smith/Anti-Extraction-v2/data/ui_dataset/ground_truth/pil/legal_0198.json,legal
legal_0199,images/pil/legal_0199.png,/data/gpfs/projects/punim2826/Smith/Anti-Extraction-v2/data/ui_dataset/ground_truth/pil/legal_0199.json,legal
legal_0200,images/pil/legal_0200.png,/data/gpfs/projects/punim2826/Smith/Anti-Extraction-v2/data/ui_dataset/ground_truth/pil/legal_0200.json,legal
legal_0201,images/pil/legal_0201.png,/data/gpfs/projects/punim2826/Smith/Anti-Extraction-v2/data/ui_dataset/ground_truth/pil/legal_0201.json,legal
legal_0202,images/pil/legal_0202.png,/data/gpfs/projects/punim2826/Smith/Anti-Extraction-v2/data/ui_dataset/ground_truth/pil/legal_0202.json,legal
legal_0203,images/pil/legal_0203.png,/data/gpfs/projects/punim2826/Smith/Anti-Extraction-v2/data/ui_dataset/ground_truth/pil/legal_0203.json,legal
legal_0204,images/pil/legal_0204.png,/data/gpfs/projects/punim2826/Smith/Anti-Extraction-v2/data/ui_dataset/ground_truth/pil/legal_0204.json,legal
legal_0205,images/pil/legal_0205.png,/data/gpfs/projects/punim2826/Smith/Anti-Extraction-v2/data/ui_dataset/ground_truth/pil/legal_0205.json,legal
legal_0206,images/pil/legal_0206.png,/data/gpfs/projects/punim2826/Smith/Anti-Extraction-v2/data/ui_dataset/ground_truth/pil/legal_0206.json,legal
legal_0207,images/pil/legal_0207.png,/data/gpfs/projects/punim2826/Smith/Anti-Extraction-v2/data/ui_dataset/ground_truth/pil/legal_0207.json,legal
legal_0208,images/pil/legal_0208.png,/data/gpfs/projects/punim2826/Smith/Anti-Extraction-v2/data/ui_dataset/ground_truth/pil/legal_0208.json,legal
legal_0209,images/pil/legal_0209.png,/data/gpfs/projects/punim2826/Smith/Anti-Extraction-v2/data/ui_dataset/ground_truth/pil/legal_0209.json,legal
legal_0210,images/pil/legal_0210.png,/data/gpfs/projects/punim2826/Smith/Anti-Extraction-v2/data/ui_dataset/ground_truth/pil/legal_0210.json,legal
legal_0211,images/pil/legal_0211.png,/data/gpfs/projects/punim2826/Smith/Anti-Extraction-v2/data/ui_dataset/ground_truth/pil/legal_0211.json,legal
legal_0212,images/pil/legal_0212.png,/data/gpfs/projects/punim2826/Smith/Anti-Extraction-v2/data/ui_dataset/ground_truth/pil/legal_0212.json,legal
legal_0213,images/pil/legal_0213.png,/data/gpfs/projects/punim2826/Smith/Anti-Extraction-v2/data/ui_dataset/ground_truth/pil/legal_0213.json,legal
legal_0214,images/pil/legal_0214.png,/data/gpfs/projects/punim2826/Smith/Anti-Extraction-v2/data/ui_dataset/ground_truth/pil/legal_0214.json,legal
legal_0215,images/pil/legal_0215.png,/data/gpfs/projects/punim2826/Smith/Anti-Extraction-v2/data/ui_dataset/ground_truth/pil/legal_0215.json,legal
legal_0216,images/pil/legal_0216.png,/data/gpfs/projects/punim2826/Smith/Anti-Extraction-v2/data/ui_dataset/ground_truth/pil/legal_0216.json,legal
legal_0217,images/pil/legal_0217.png,/data/gpfs/projects/punim2826/Smith/Anti-Extraction-v2/data/ui_dataset/ground_truth/pil/legal_0217.json,legal
legal_0218,images/pil/legal_0218.png,/data/gpfs/projects/punim2826/Smith/Anti-Extraction-v2/data/ui_dataset/ground_truth/pil/legal_0218.json,legal
legal_0219,images/pil/legal_0219.png,/data/gpfs/projects/punim2826/Smith/Anti-Extraction-v2/data/ui_dataset/ground_truth/pil/legal_0219.json,legal
legal_0220,images/pil/legal_0220.png,/data/gpfs/projects/punim2826/Smith/Anti-Extraction-v2/data/ui_dataset/ground_truth/pil/legal_0220.json,legal
legal_0221,images/pil/legal_0221.png,/data/gpfs/projects/punim2826/Smith/Anti-Extraction-v2/data/ui_dataset/ground_truth/pil/legal_0221.json,legal
legal_0222,images/pil/legal_0222.png,/data/gpfs/projects/punim2826/Smith/Anti-Extraction-v2/data/ui_dataset/ground_truth/pil/legal_0222.json,legal
legal_0223,images/pil/legal_0223.png,/data/gpfs/projects/punim2826/Smith/Anti-Extraction-v2/data/ui_dataset/ground_truth/pil/legal_0223.json,legal
legal_0224,images/pil/legal_0224.png,/data/gpfs/projects/punim2826/Smith/Anti-Extraction-v2/data/ui_dataset/ground_truth/pil/legal_0224.json,legal
legal_0225,images/pil/legal_0225.png,/data/gpfs/projects/punim2826/Smith/Anti-Extraction-v2/data/ui_dataset/ground_truth/pil/legal_0225.json,legal
legal_0226,images/pil/legal_0226.png,/data/gpfs/projects/punim2826/Smith/Anti-Extraction-v2/data/ui_dataset/ground_truth/pil/legal_0226.json,legal
legal_0227,images/pil/legal_0227.png,/data/gpfs/projects/punim2826/Smith/Anti-Extraction-v2/data/ui_dataset/ground_truth/pil/legal_0227.json,legal
legal_0228,images/pil/legal_0228.png,/data/gpfs/projects/punim2826/Smith/Anti-Extraction-v2/data/ui_dataset/ground_truth/pil/legal_0228.json,legal
legal_0229,images/pil/legal_0229.png,/data/gpfs/projects/punim2826/Smith/Anti-Extraction-v2/data/ui_dataset/ground_truth/pil/legal_0229.json,legal
legal_0230,images/pil/legal_0230.png,/data/gpfs/projects/punim2826/Smith/Anti-Extraction-v2/data/ui_dataset/ground_truth/pil/legal_0230.json,legal
legal_0231,images/pil/legal_0231.png,/data/gpfs/projects/punim2826/Smith/Anti-Extraction-v2/data/ui_dataset/ground_truth/pil/legal_0231.json,legal
legal_0232,images/pil/legal_0232.png,/data/gpfs/projects/punim2826/Smith/Anti-Extraction-v2/data/ui_dataset/ground_truth/pil/legal_0232.json,legal
legal_0233,images/pil/legal_0233.png,/data/gpfs/projects/punim2826/Smith/Anti-Extraction-v2/data/ui_dataset/ground_truth/pil/legal_0233.json,legal
legal_0234,images/pil/legal_0234.png,/data/gpfs/projects/punim2826/Smith/Anti-Extraction-v2/data/ui_dataset/ground_truth/pil/legal_0234.json,legal
legal_0235,images/pil/legal_0235.png,/data/gpfs/projects/punim2826/Smith/Anti-Extraction-v2/data/ui_dataset/ground_truth/pil/legal_0235.json,legal
legal_0236,images/pil/legal_0236.png,/data/gpfs/projects/punim2826/Smith/Anti-Extraction-v2/data/ui_dataset/ground_truth/pil/legal_0236.json,legal
legal_0237,images/pil/legal_0237.png,/data/gpfs/projects/punim2826/Smith/Anti-Extraction-v2/data/ui_dataset/ground_truth/pil/legal_0237.json,legal
legal_0238,images/pil/legal_0238.png,/data/gpfs/projects/punim2826/Smith/Anti-Extraction-v2/data/ui_dataset/ground_truth/pil/legal_0238.json,legal
legal_0239,images/pil/legal_0239.png,/data/gpfs/projects/punim2826/Smith/Anti-Extraction-v2/data/ui_dataset/ground_truth/pil/legal_0239.json,legal
legal_0240,images/pil/legal_0240.png,/data/gpfs/projects/punim2826/Smith/Anti-Extraction-v2/data/ui_dataset/ground_truth/pil/legal_0240.json,legal
legal_0241,images/pil/legal_0241.png,/data/gpfs/projects/punim2826/Smith/Anti-Extraction-v2/data/ui_dataset/ground_truth/pil/legal_0241.json,legal
legal_0242,images/pil/legal_0242.png,/data/gpfs/projects/punim2826/Smith/Anti-Extraction-v2/data/ui_dataset/ground_truth/pil/legal_0242.json,legal
legal_0243,images/pil/legal_0243.png,/data/gpfs/projects/punim2826/Smith/Anti-Extraction-v2/data/ui_dataset/ground_truth/pil/legal_0243.json,legal
legal_0244,images/pil/legal_0244.png,/data/gpfs/projects/punim2826/Smith/Anti-Extraction-v2/data/ui_dataset/ground_truth/pil/legal_0244.json,legal
legal_0245,images/pil/legal_0245.png,/data/gpfs/projects/punim2826/Smith/Anti-Extraction-v2/data/ui_dataset/ground_truth/pil/legal_0245.json,legal
legal_0246,images/pil/legal_0246.png,/data/gpfs/projects/punim2826/Smith/Anti-Extraction-v2/data/ui_dataset/ground_truth/pil/legal_0246.json,legal
legal_0247,images/pil/legal_0247.png,/data/gpfs/projects/punim2826/Smith/Anti-Extraction-v2/data/ui_dataset/ground_truth/pil/legal_0247.json,legal
legal_0248,images/pil/legal_0248.png,/data/gpfs/projects/punim2826/Smith/Anti-Extraction-v2/data/ui_dataset/ground_truth/pil/legal_0248.json,legal
legal_0249,images/pil/legal_0249.png,/data/gpfs/projects/punim2826/Smith/Anti-Extraction-v2/data/ui_dataset/ground_truth/pil/legal_0249.json,legal
identity_0000,images/pil/identity_0000.png,/data/gpfs/projects/punim2826/Smith/Anti-Extraction-v2/data/ui_dataset/ground_truth/pil/identity_0000.json,identity
identity_0001,images/pil/identity_0001.png,/data/gpfs/projects/punim2826/Smith/Anti-Extraction-v2/data/ui_dataset/ground_truth/pil/identity_0001.json,identity
identity_0002,images/pil/identity_0002.png,/data/gpfs/projects/punim2826/Smith/Anti-Extraction-v2/data/ui_dataset/ground_truth/pil/identity_0002.json,identity
identity_0003,images/pil/identity_0003.png,/data/gpfs/projects/punim2826/Smith/Anti-Extraction-v2/data/ui_dataset/ground_truth/pil/identity_0003.json,identity
identity_0004,images/pil/identity_0004.png,/data/gpfs/projects/punim2826/Smith/Anti-Extraction-v2/data/ui_dataset/ground_truth/pil/identity_0004.json,identity
identity_0005,images/pil/identity_0005.png,/data/gpfs/projects/punim2826/Smith/Anti-Extraction-v2/data/ui_dataset/ground_truth/pil/identity_0005.json,identity
identity_0006,images/pil/identity_0006.png,/data/gpfs/projects/punim2826/Smith/Anti-Extraction-v2/data/ui_dataset/ground_truth/pil/identity_0006.json,identity
identity_0007,images/pil/identity_0007.png,/data/gpfs/projects/punim2826/Smith/Anti-Extraction-v2/data/ui_dataset/ground_truth/pil/identity_0007.json,identity
identity_0008,images/pil/identity_0008.png,/data/gpfs/projects/punim2826/Smith/Anti-Extraction-v2/data/ui_dataset/ground_truth/pil/identity_0008.json,identity
identity_0009,images/pil/identity_0009.png,/data/gpfs/projects/punim2826/Smith/Anti-Extraction-v2/data/ui_dataset/ground_truth/pil/identity_0009.json,identity
identity_0010,images/pil/identity_0010.png,/data/gpfs/projects/punim2826/Smith/Anti-Extraction-v2/data/ui_dataset/ground_truth/pil/identity_0010.json,identity
identity_0011,images/pil/identity_0011.png,/data/gpfs/projects/punim2826/Smith/Anti-Extraction-v2/data/ui_dataset/ground_truth/pil/identity_0011.json,identity
identity_0012,images/pil/identity_0012.png,/data/gpfs/projects/punim2826/Smith/Anti-Extraction-v2/data/ui_dataset/ground_truth/pil/identity_0012.json,identity
identity_0013,images/pil/identity_0013.png,/data/gpfs/projects/punim2826/Smith/Anti-Extraction-v2/data/ui_dataset/ground_truth/pil/identity_0013.json,identity
identity_0014,images/pil/identity_0014.png,/data/gpfs/projects/punim2826/Smith/Anti-Extraction-v2/data/ui_dataset/ground_truth/pil/identity_0014.json,identity
identity_0015,images/pil/identity_0015.png,/data/gpfs/projects/punim2826/Smith/Anti-Extraction-v2/data/ui_dataset/ground_truth/pil/identity_0015.json,identity
identity_0016,images/pil/identity_0016.png,/data/gpfs/projects/punim2826/Smith/Anti-Extraction-v2/data/ui_dataset/ground_truth/pil/identity_0016.json,identity
identity_0017,images/pil/identity_0017.png,/data/gpfs/projects/punim2826/Smith/Anti-Extraction-v2/data/ui_dataset/ground_truth/pil/identity_0017.json,identity
identity_0018,images/pil/identity_0018.png,/data/gpfs/projects/punim2826/Smith/Anti-Extraction-v2/data/ui_dataset/ground_truth/pil/identity_0018.json,identity
identity_0019,images/pil/identity_0019.png,/data/gpfs/projects/punim2826/Smith/Anti-Extraction-v2/data/ui_dataset/ground_truth/pil/identity_0019.json,identity
identity_0020,images/pil/identity_0020.png,/data/gpfs/projects/punim2826/Smith/Anti-Extraction-v2/data/ui_dataset/ground_truth/pil/identity_0020.json,identity
identity_0021,images/pil/identity_0021.png,/data/gpfs/projects/punim2826/Smith/Anti-Extraction-v2/data/ui_dataset/ground_truth/pil/identity_0021.json,identity
identity_0022,images/pil/identity_0022.png,/data/gpfs/projects/punim2826/Smith/Anti-Extraction-v2/data/ui_dataset/ground_truth/pil/identity_0022.json,identity
identity_0023,images/pil/identity_0023.png,/data/gpfs/projects/punim2826/Smith/Anti-Extraction-v2/data/ui_dataset/ground_truth/pil/identity_0023.json,identity
identity_0024,images/pil/identity_0024.png,/data/gpfs/projects/punim2826/Smith/Anti-Extraction-v2/data/ui_dataset/ground_truth/pil/identity_0024.json,identity
identity_0025,images/pil/identity_0025.png,/data/gpfs/projects/punim2826/Smith/Anti-Extraction-v2/data/ui_dataset/ground_truth/pil/identity_0025.json,identity
identity_0026,images/pil/identity_0026.png,/data/gpfs/projects/punim2826/Smith/Anti-Extraction-v2/data/ui_dataset/ground_truth/pil/identity_0026.json,identity
identity_0027,images/pil/identity_0027.png,/data/gpfs/projects/punim2826/Smith/Anti-Extraction-v2/data/ui_dataset/ground_truth/pil/identity_0027.json,identity
identity_0028,images/pil/identity_0028.png,/data/gpfs/projects/punim2826/Smith/Anti-Extraction-v2/data/ui_dataset/ground_truth/pil/identity_0028.json,identity
identity_0029,images/pil/identity_0029.png,/data/gpfs/projects/punim2826/Smith/Anti-Extraction-v2/data/ui_dataset/ground_truth/pil/identity_0029.json,identity
identity_0030,images/pil/identity_0030.png,/data/gpfs/projects/punim2826/Smith/Anti-Extraction-v2/data/ui_dataset/ground_truth/pil/identity_0030.json,identity
identity_0031,images/pil/identity_0031.png,/data/gpfs/projects/punim2826/Smith/Anti-Extraction-v2/data/ui_dataset/ground_truth/pil/identity_0031.json,identity
identity_0032,images/pil/identity_0032.png,/data/gpfs/projects/punim2826/Smith/Anti-Extraction-v2/data/ui_dataset/ground_truth/pil/identity_0032.json,identity
identity_0033,images/pil/identity_0033.png,/data/gpfs/projects/punim2826/Smith/Anti-Extraction-v2/data/ui_dataset/ground_truth/pil/identity_0033.json,identity
identity_0034,images/pil/identity_0034.png,/data/gpfs/projects/punim2826/Smith/Anti-Extraction-v2/data/ui_dataset/ground_truth/pil/identity_0034.json,identity
identity_0035,images/pil/identity_0035.png,/data/gpfs/projects/punim2826/Smith/Anti-Extraction-v2/data/ui_dataset/ground_truth/pil/identity_0035.json,identity
identity_0036,images/pil/identity_0036.png,/data/gpfs/projects/punim2826/Smith/Anti-Extraction-v2/data/ui_dataset/ground_truth/pil/identity_0036.json,identity
identity_0037,images/pil/identity_0037.png,/data/gpfs/projects/punim2826/Smith/Anti-Extraction-v2/data/ui_dataset/ground_truth/pil/identity_0037.json,identity
identity_0038,images/pil/identity_0038.png,/data/gpfs/projects/punim2826/Smith/Anti-Extraction-v2/data/ui_dataset/ground_truth/pil/identity_0038.json,identity
identity_0039,images/pil/identity_0039.png,/data/gpfs/projects/punim2826/Smith/Anti-Extraction-v2/data/ui_dataset/ground_truth/pil/identity_0039.json,identity
identity_0040,images/pil/identity_0040.png,/data/gpfs/projects/punim2826/Smith/Anti-Extraction-v2/data/ui_dataset/ground_truth/pil/identity_0040.json,identity
identity_0041,images/pil/identity_0041.png,/data/gpfs/projects/punim2826/Smith/Anti-Extraction-v2/data/ui_dataset/ground_truth/pil/identity_0041.json,identity
identity_0042,images/pil/identity_0042.png,/data/gpfs/projects/punim2826/Smith/Anti-Extraction-v2/data/ui_dataset/ground_truth/pil/identity_0042.json,identity
identity_0043,images/pil/identity_0043.png,/data/gpfs/projects/punim2826/Smith/Anti-Extraction-v2/data/ui_dataset/ground_truth/pil/identity_0043.json,identity
identity_0044,images/pil/identity_0044.png,/data/gpfs/projects/punim2826/Smith/Anti-Extraction-v2/data/ui_dataset/ground_truth/pil/identity_0044.json,identity
identity_0045,images/pil/identity_0045.png,/data/gpfs/projects/punim2826/Smith/Anti-Extraction-v2/data/ui_dataset/ground_truth/pil/identity_0045.json,identity
identity_0046,images/pil/identity_0046.png,/data/gpfs/projects/punim2826/Smith/Anti-Extraction-v2/data/ui_dataset/ground_truth/pil/identity_0046.json,identity
identity_0047,images/pil/identity_0047.png,/data/gpfs/projects/punim2826/Smith/Anti-Extraction-v2/data/ui_dataset/ground_truth/pil/identity_0047.json,identity
identity_0048,images/pil/identity_0048.png,/data/gpfs/projects/punim2826/Smith/Anti-Extraction-v2/data/ui_dataset/ground_truth/pil/identity_0048.json,identity
identity_0049,images/pil/identity_0049.png,/data/gpfs/projects/punim2826/Smith/Anti-Extraction-v2/data/ui_dataset/ground_truth/pil/identity_0049.json,identity
identity_0050,images/pil/identity_0050.png,/data/gpfs/projects/punim2826/Smith/Anti-Extraction-v2/data/ui_dataset/ground_truth/pil/identity_0050.json,identity
identity_0051,images/pil/identity_0051.png,/data/gpfs/projects/punim2826/Smith/Anti-Extraction-v2/data/ui_dataset/ground_truth/pil/identity_0051.json,identity
identity_0052,images/pil/identity_0052.png,/data/gpfs/projects/punim2826/Smith/Anti-Extraction-v2/data/ui_dataset/ground_truth/pil/identity_0052.json,identity
identity_0053,images/pil/identity_0053.png,/data/gpfs/projects/punim2826/Smith/Anti-Extraction-v2/data/ui_dataset/ground_truth/pil/identity_0053.json,identity
identity_0054,images/pil/identity_0054.png,/data/gpfs/projects/punim2826/Smith/Anti-Extraction-v2/data/ui_dataset/ground_truth/pil/identity_0054.json,identity
identity_0055,images/pil/identity_0055.png,/data/gpfs/projects/punim2826/Smith/Anti-Extraction-v2/data/ui_dataset/ground_truth/pil/identity_0055.json,identity
identity_0056,images/pil/identity_0056.png,/data/gpfs/projects/punim2826/Smith/Anti-Extraction-v2/data/ui_dataset/ground_truth/pil/identity_0056.json,identity
identity_0057,images/pil/identity_0057.png,/data/gpfs/projects/punim2826/Smith/Anti-Extraction-v2/data/ui_dataset/ground_truth/pil/identity_0057.json,identity
identity_0058,images/pil/identity_0058.png,/data/gpfs/projects/punim2826/Smith/Anti-Extraction-v2/data/ui_dataset/ground_truth/pil/identity_0058.json,identity
identity_0059,images/pil/identity_0059.png,/data/gpfs/projects/punim2826/Smith/Anti-Extraction-v2/data/ui_dataset/ground_truth/pil/identity_0059.json,identity
identity_0060,images/pil/identity_0060.png,/data/gpfs/projects/punim2826/Smith/Anti-Extraction-v2/data/ui_dataset/ground_truth/pil/identity_0060.json,identity
identity_0061,images/pil/identity_0061.png,/data/gpfs/projects/punim2826/Smith/Anti-Extraction-v2/data/ui_dataset/ground_truth/pil/identity_0061.json,identity
identity_0062,images/pil/identity_0062.png,/data/gpfs/projects/punim2826/Smith/Anti-Extraction-v2/data/ui_dataset/ground_truth/pil/identity_0062.json,identity
identity_0063,images/pil/identity_0063.png,/data/gpfs/projects/punim2826/Smith/Anti-Extraction-v2/data/ui_dataset/ground_truth/pil/identity_0063.json,identity
identity_0064,images/pil/identity_0064.png,/data/gpfs/projects/punim2826/Smith/Anti-Extraction-v2/data/ui_dataset/ground_truth/pil/identity_0064.json,identity
identity_0065,images/pil/identity_0065.png,/data/gpfs/projects/punim2826/Smith/Anti-Extraction-v2/data/ui_dataset/ground_truth/pil/identity_0065.json,identity
identity_0066,images/pil/identity_0066.png,/data/gpfs/projects/punim2826/Smith/Anti-Extraction-v2/data/ui_dataset/ground_truth/pil/identity_0066.json,identity
identity_0067,images/pil/identity_0067.png,/data/gpfs/projects/punim2826/Smith/Anti-Extraction-v2/data/ui_dataset/ground_truth/pil/identity_0067.json,identity
identity_0068,images/pil/identity_0068.png,/data/gpfs/projects/punim2826/Smith/Anti-Extraction-v2/data/ui_dataset/ground_truth/pil/identity_0068.json,identity
identity_0069,images/pil/identity_0069.png,/data/gpfs/projects/punim2826/Smith/Anti-Extraction-v2/data/ui_dataset/ground_truth/pil/identity_0069.json,identity
identity_0070,images/pil/identity_0070.png,/data/gpfs/projects/punim2826/Smith/Anti-Extraction-v2/data/ui_dataset/ground_truth/pil/identity_0070.json,identity
identity_0071,images/pil/identity_0071.png,/data/gpfs/projects/punim2826/Smith/Anti-Extraction-v2/data/ui_dataset/ground_truth/pil/identity_0071.json,identity
identity_0072,images/pil/identity_0072.png,/data/gpfs/projects/punim2826/Smith/Anti-Extraction-v2/data/ui_dataset/ground_truth/pil/identity_0072.json,identity
identity_0073,images/pil/identity_0073.png,/data/gpfs/projects/punim2826/Smith/Anti-Extraction-v2/data/ui_dataset/ground_truth/pil/identity_0073.json,identity
identity_0074,images/pil/identity_0074.png,/data/gpfs/projects/punim2826/Smith/Anti-Extraction-v2/data/ui_dataset/ground_truth/pil/identity_0074.json,identity
identity_0075,images/pil/identity_0075.png,/data/gpfs/projects/punim2826/Smith/Anti-Extraction-v2/data/ui_dataset/ground_truth/pil/identity_0075.json,identity
identity_0076,images/pil/identity_0076.png,/data/gpfs/projects/punim2826/Smith/Anti-Extraction-v2/data/ui_dataset/ground_truth/pil/identity_0076.json,identity
identity_0077,images/pil/identity_0077.png,/data/gpfs/projects/punim2826/Smith/Anti-Extraction-v2/data/ui_dataset/ground_truth/pil/identity_0077.json,identity
identity_0078,images/pil/identity_0078.png,/data/gpfs/projects/punim2826/Smith/Anti-Extraction-v2/data/ui_dataset/ground_truth/pil/identity_0078.json,identity
identity_0079,images/pil/identity_0079.png,/data/gpfs/projects/punim2826/Smith/Anti-Extraction-v2/data/ui_dataset/ground_truth/pil/identity_0079.json,identity
identity_0080,images/pil/identity_0080.png,/data/gpfs/projects/punim2826/Smith/Anti-Extraction-v2/data/ui_dataset/ground_truth/pil/identity_0080.json,identity
identity_0081,images/pil/identity_0081.png,/data/gpfs/projects/punim2826/Smith/Anti-Extraction-v2/data/ui_dataset/ground_truth/pil/identity_0081.json,identity
identity_0082,images/pil/identity_0082.png,/data/gpfs/projects/punim2826/Smith/Anti-Extraction-v2/data/ui_dataset/ground_truth/pil/identity_0082.json,identity
identity_0083,images/pil/identity_0083.png,/data/gpfs/projects/punim2826/Smith/Anti-Extraction-v2/data/ui_dataset/ground_truth/pil/identity_0083.json,identity
identity_0084,images/pil/identity_0084.png,/data/gpfs/projects/punim2826/Smith/Anti-Extraction-v2/data/ui_dataset/ground_truth/pil/identity_0084.json,identity
identity_0085,images/pil/identity_0085.png,/data/gpfs/projects/punim2826/Smith/Anti-Extraction-v2/data/ui_dataset/ground_truth/pil/identity_0085.json,identity
identity_0086,images/pil/identity_0086.png,/data/gpfs/projects/punim2826/Smith/Anti-Extraction-v2/data/ui_dataset/ground_truth/pil/identity_0086.json,identity
identity_0087,images/pil/identity_0087.png,/data/gpfs/projects/punim2826/Smith/Anti-Extraction-v2/data/ui_dataset/ground_truth/pil/identity_0087.json,identity
identity_0088,images/pil/identity_0088.png,/data/gpfs/projects/punim2826/Smith/Anti-Extraction-v2/data/ui_dataset/ground_truth/pil/identity_0088.json,identity
identity_0089,images/pil/identity_0089.png,/data/gpfs/projects/punim2826/Smith/Anti-Extraction-v2/data/ui_dataset/ground_truth/pil/identity_0089.json,identity
identity_0090,images/pil/identity_0090.png,/data/gpfs/projects/punim2826/Smith/Anti-Extraction-v2/data/ui_dataset/ground_truth/pil/identity_0090.json,identity
identity_0091,images/pil/identity_0091.png,/data/gpfs/projects/punim2826/Smith/Anti-Extraction-v2/data/ui_dataset/ground_truth/pil/identity_0091.json,identity
identity_0092,images/pil/identity_0092.png,/data/gpfs/projects/punim2826/Smith/Anti-Extraction-v2/data/ui_dataset/ground_truth/pil/identity_0092.json,identity
identity_0093,images/pil/identity_0093.png,/data/gpfs/projects/punim2826/Smith/Anti-Extraction-v2/data/ui_dataset/ground_truth/pil/identity_0093.json,identity
identity_0094,images/pil/identity_0094.png,/data/gpfs/projects/punim2826/Smith/Anti-Extraction-v2/data/ui_dataset/ground_truth/pil/identity_0094.json,identity
identity_0095,images/pil/identity_0095.png,/data/gpfs/projects/punim2826/Smith/Anti-Extraction-v2/data/ui_dataset/ground_truth/pil/identity_0095.json,identity
identity_0096,images/pil/identity_0096.png,/data/gpfs/projects/punim2826/Smith/Anti-Extraction-v2/data/ui_dataset/ground_truth/pil/identity_0096.json,identity
identity_0097,images/pil/identity_0097.png,/data/gpfs/projects/punim2826/Smith/Anti-Extraction-v2/data/ui_dataset/ground_truth/pil/identity_0097.json,identity
identity_0098,images/pil/identity_0098.png,/data/gpfs/projects/punim2826/Smith/Anti-Extraction-v2/data/ui_dataset/ground_truth/pil/identity_0098.json,identity
identity_0099,images/pil/identity_0099.png,/data/gpfs/projects/punim2826/Smith/Anti-Extraction-v2/data/ui_dataset/ground_truth/pil/identity_0099.json,identity
identity_0100,images/pil/identity_0100.png,/data/gpfs/projects/punim2826/Smith/Anti-Extraction-v2/data/ui_dataset/ground_truth/pil/identity_0100.json,identity
identity_0101,images/pil/identity_0101.png,/data/gpfs/projects/punim2826/Smith/Anti-Extraction-v2/data/ui_dataset/ground_truth/pil/identity_0101.json,identity
identity_0102,images/pil/identity_0102.png,/data/gpfs/projects/punim2826/Smith/Anti-Extraction-v2/data/ui_dataset/ground_truth/pil/identity_0102.json,identity
identity_0103,images/pil/identity_0103.png,/data/gpfs/projects/punim2826/Smith/Anti-Extraction-v2/data/ui_dataset/ground_truth/pil/identity_0103.json,identity
identity_0104,images/pil/identity_0104.png,/data/gpfs/projects/punim2826/Smith/Anti-Extraction-v2/data/ui_dataset/ground_truth/pil/identity_0104.json,identity
identity_0105,images/pil/identity_0105.png,/data/gpfs/projects/punim2826/Smith/Anti-Extraction-v2/data/ui_dataset/ground_truth/pil/identity_0105.json,identity
identity_0106,images/pil/identity_0106.png,/data/gpfs/projects/punim2826/Smith/Anti-Extraction-v2/data/ui_dataset/ground_truth/pil/identity_0106.json,identity
identity_0107,images/pil/identity_0107.png,/data/gpfs/projects/punim2826/Smith/Anti-Extraction-v2/data/ui_dataset/ground_truth/pil/identity_0107.json,identity
identity_0108,images/pil/identity_0108.png,/data/gpfs/projects/punim2826/Smith/Anti-Extraction-v2/data/ui_dataset/ground_truth/pil/identity_0108.json,identity
identity_0109,images/pil/identity_0109.png,/data/gpfs/projects/punim2826/Smith/Anti-Extraction-v2/data/ui_dataset/ground_truth/pil/identity_0109.json,identity
identity_0110,images/pil/identity_0110.png,/data/gpfs/projects/punim2826/Smith/Anti-Extraction-v2/data/ui_dataset/ground_truth/pil/identity_0110.json,identity
identity_0111,images/pil/identity_0111.png,/data/gpfs/projects/punim2826/Smith/Anti-Extraction-v2/data/ui_dataset/ground_truth/pil/identity_0111.json,identity
identity_0112,images/pil/identity_0112.png,/data/gpfs/projects/punim2826/Smith/Anti-Extraction-v2/data/ui_dataset/ground_truth/pil/identity_0112.json,identity
identity_0113,images/pil/identity_0113.png,/data/gpfs/projects/punim2826/Smith/Anti-Extraction-v2/data/ui_dataset/ground_truth/pil/identity_0113.json,identity
identity_0114,images/pil/identity_0114.png,/data/gpfs/projects/punim2826/Smith/Anti-Extraction-v2/data/ui_dataset/ground_truth/pil/identity_0114.json,identity
identity_0115,images/pil/identity_0115.png,/data/gpfs/projects/punim2826/Smith/Anti-Extraction-v2/data/ui_dataset/ground_truth/pil/identity_0115.json,identity
identity_0116,images/pil/identity_0116.png,/data/gpfs/projects/punim2826/Smith/Anti-Extraction-v2/data/ui_dataset/ground_truth/pil/identity_0116.json,identity
identity_0117,images/pil/identity_0117.png,/data/gpfs/projects/punim2826/Smith/Anti-Extraction-v2/data/ui_dataset/ground_truth/pil/identity_0117.json,identity
identity_0118,images/pil/identity_0118.png,/data/gpfs/projects/punim2826/Smith/Anti-Extraction-v2/data/ui_dataset/ground_truth/pil/identity_0118.json,identity
identity_0119,images/pil/identity_0119.png,/data/gpfs/projects/punim2826/Smith/Anti-Extraction-v2/data/ui_dataset/ground_truth/pil/identity_0119.json,identity
identity_0120,images/pil/identity_0120.png,/data/gpfs/projects/punim2826/Smith/Anti-Extraction-v2/data/ui_dataset/ground_truth/pil/identity_0120.json,identity
identity_0121,images/pil/identity_0121.png,/data/gpfs/projects/punim2826/Smith/Anti-Extraction-v2/data/ui_dataset/ground_truth/pil/identity_0121.json,identity
identity_0122,images/pil/identity_0122.png,/data/gpfs/projects/punim2826/Smith/Anti-Extraction-v2/data/ui_dataset/ground_truth/pil/identity_0122.json,identity
identity_0123,images/pil/identity_0123.png,/data/gpfs/projects/punim2826/Smith/Anti-Extraction-v2/data/ui_dataset/ground_truth/pil/identity_0123.json,identity
identity_0124,images/pil/identity_0124.png,/data/gpfs/projects/punim2826/Smith/Anti-Extraction-v2/data/ui_dataset/ground_truth/pil/identity_0124.json,identity
identity_0125,images/pil/identity_0125.png,/data/gpfs/projects/punim2826/Smith/Anti-Extraction-v2/data/ui_dataset/ground_truth/pil/identity_0125.json,identity
identity_0126,images/pil/identity_0126.png,/data/gpfs/projects/punim2826/Smith/Anti-Extraction-v2/data/ui_dataset/ground_truth/pil/identity_0126.json,identity
identity_0127,images/pil/identity_0127.png,/data/gpfs/projects/punim2826/Smith/Anti-Extraction-v2/data/ui_dataset/ground_truth/pil/identity_0127.json,identity
identity_0128,images/pil/identity_0128.png,/data/gpfs/projects/punim2826/Smith/Anti-Extraction-v2/data/ui_dataset/ground_truth/pil/identity_0128.json,identity
identity_0129,images/pil/identity_0129.png,/data/gpfs/projects/punim2826/Smith/Anti-Extraction-v2/data/ui_dataset/ground_truth/pil/identity_0129.json,identity
identity_0130,images/pil/identity_0130.png,/data/gpfs/projects/punim2826/Smith/Anti-Extraction-v2/data/ui_dataset/ground_truth/pil/identity_0130.json,identity
identity_0131,images/pil/identity_0131.png,/data/gpfs/projects/punim2826/Smith/Anti-Extraction-v2/data/ui_dataset/ground_truth/pil/identity_0131.json,identity
identity_0132,images/pil/identity_0132.png,/data/gpfs/projects/punim2826/Smith/Anti-Extraction-v2/data/ui_dataset/ground_truth/pil/identity_0132.json,identity
identity_0133,images/pil/identity_0133.png,/data/gpfs/projects/punim2826/Smith/Anti-Extraction-v2/data/ui_dataset/ground_truth/pil/identity_0133.json,identity
identity_0134,images/pil/identity_0134.png,/data/gpfs/projects/punim2826/Smith/Anti-Extraction-v2/data/ui_dataset/ground_truth/pil/identity_0134.json,identity
identity_0135,images/pil/identity_0135.png,/data/gpfs/projects/punim2826/Smith/Anti-Extraction-v2/data/ui_dataset/ground_truth/pil/identity_0135.json,identity
identity_0136,images/pil/identity_0136.png,/data/gpfs/projects/punim2826/Smith/Anti-Extraction-v2/data/ui_dataset/ground_truth/pil/identity_0136.json,identity
identity_0137,images/pil/identity_0137.png,/data/gpfs/projects/punim2826/Smith/Anti-Extraction-v2/data/ui_dataset/ground_truth/pil/identity_0137.json,identity
identity_0138,images/pil/identity_0138.png,/data/gpfs/projects/punim2826/Smith/Anti-Extraction-v2/data/ui_dataset/ground_truth/pil/identity_0138.json,identity
identity_0139,images/pil/identity_0139.png,/data/gpfs/projects/punim2826/Smith/Anti-Extraction-v2/data/ui_dataset/ground_truth/pil/identity_0139.json,identity
identity_0140,images/pil/identity_0140.png,/data/gpfs/projects/punim2826/Smith/Anti-Extraction-v2/data/ui_dataset/ground_truth/pil/identity_0140.json,identity
identity_0141,images/pil/identity_0141.png,/data/gpfs/projects/punim2826/Smith/Anti-Extraction-v2/data/ui_dataset/ground_truth/pil/identity_0141.json,identity
identity_0142,images/pil/identity_0142.png,/data/gpfs/projects/punim2826/Smith/Anti-Extraction-v2/data/ui_dataset/ground_truth/pil/identity_0142.json,identity
identity_0143,images/pil/identity_0143.png,/data/gpfs/projects/punim2826/Smith/Anti-Extraction-v2/data/ui_dataset/ground_truth/pil/identity_0143.json,identity
identity_0144,images/pil/identity_0144.png,/data/gpfs/projects/punim2826/Smith/Anti-Extraction-v2/data/ui_dataset/ground_truth/pil/identity_0144.json,identity
identity_0145,images/pil/identity_0145.png,/data/gpfs/projects/punim2826/Smith/Anti-Extraction-v2/data/ui_dataset/ground_truth/pil/identity_0145.json,identity
identity_0146,images/pil/identity_0146.png,/data/gpfs/projects/punim2826/Smith/Anti-Extraction-v2/data/ui_dataset/ground_truth/pil/identity_0146.json,identity
identity_0147,images/pil/identity_0147.png,/data/gpfs/projects/punim2826/Smith/Anti-Extraction-v2/data/ui_dataset/ground_truth/pil/identity_0147.json,identity
identity_0148,images/pil/identity_0148.png,/data/gpfs/projects/punim2826/Smith/Anti-Extraction-v2/data/ui_dataset/ground_truth/pil/identity_0148.json,identity
identity_0149,images/pil/identity_0149.png,/data/gpfs/projects/punim2826/Smith/Anti-Extraction-v2/data/ui_dataset/ground_truth/pil/identity_0149.json,identity
identity_0150,images/pil/identity_0150.png,/data/gpfs/projects/punim2826/Smith/Anti-Extraction-v2/data/ui_dataset/ground_truth/pil/identity_0150.json,identity
identity_0151,images/pil/identity_0151.png,/data/gpfs/projects/punim2826/Smith/Anti-Extraction-v2/data/ui_dataset/ground_truth/pil/identity_0151.json,identity
identity_0152,images/pil/identity_0152.png,/data/gpfs/projects/punim2826/Smith/Anti-Extraction-v2/data/ui_dataset/ground_truth/pil/identity_0152.json,identity
identity_0153,images/pil/identity_0153.png,/data/gpfs/projects/punim2826/Smith/Anti-Extraction-v2/data/ui_dataset/ground_truth/pil/identity_0153.json,identity
identity_0154,images/pil/identity_0154.png,/data/gpfs/projects/punim2826/Smith/Anti-Extraction-v2/data/ui_dataset/ground_truth/pil/identity_0154.json,identity
identity_0155,images/pil/identity_0155.png,/data/gpfs/projects/punim2826/Smith/Anti-Extraction-v2/data/ui_dataset/ground_truth/pil/identity_0155.json,identity
identity_0156,images/pil/identity_0156.png,/data/gpfs/projects/punim2826/Smith/Anti-Extraction-v2/data/ui_dataset/ground_truth/pil/identity_0156.json,identity
identity_0157,images/pil/identity_0157.png,/data/gpfs/projects/punim2826/Smith/Anti-Extraction-v2/data/ui_dataset/ground_truth/pil/identity_0157.json,identity
identity_0158,images/pil/identity_0158.png,/data/gpfs/projects/punim2826/Smith/Anti-Extraction-v2/data/ui_dataset/ground_truth/pil/identity_0158.json,identity
identity_0159,images/pil/identity_0159.png,/data/gpfs/projects/punim2826/Smith/Anti-Extraction-v2/data/ui_dataset/ground_truth/pil/identity_0159.json,identity
identity_0160,images/pil/identity_0160.png,/data/gpfs/projects/punim2826/Smith/Anti-Extraction-v2/data/ui_dataset/ground_truth/pil/identity_0160.json,identity
identity_0161,images/pil/identity_0161.png,/data/gpfs/projects/punim2826/Smith/Anti-Extraction-v2/data/ui_dataset/ground_truth/pil/identity_0161.json,identity
identity_0162,images/pil/identity_0162.png,/data/gpfs/projects/punim2826/Smith/Anti-Extraction-v2/data/ui_dataset/ground_truth/pil/identity_0162.json,identity
identity_0163,images/pil/identity_0163.png,/data/gpfs/projects/punim2826/Smith/Anti-Extraction-v2/data/ui_dataset/ground_truth/pil/identity_0163.json,identity
identity_0164,images/pil/identity_0164.png,/data/gpfs/projects/punim2826/Smith/Anti-Extraction-v2/data/ui_dataset/ground_truth/pil/identity_0164.json,identity
identity_0165,images/pil/identity_0165.png,/data/gpfs/projects/punim2826/Smith/Anti-Extraction-v2/data/ui_dataset/ground_truth/pil/identity_0165.json,identity
identity_0166,images/pil/identity_0166.png,/data/gpfs/projects/punim2826/Smith/Anti-Extraction-v2/data/ui_dataset/ground_truth/pil/identity_0166.json,identity
identity_0167,images/pil/identity_0167.png,/data/gpfs/projects/punim2826/Smith/Anti-Extraction-v2/data/ui_dataset/ground_truth/pil/identity_0167.json,identity
identity_0168,images/pil/identity_0168.png,/data/gpfs/projects/punim2826/Smith/Anti-Extraction-v2/data/ui_dataset/ground_truth/pil/identity_0168.json,identity
identity_0169,images/pil/identity_0169.png,/data/gpfs/projects/punim2826/Smith/Anti-Extraction-v2/data/ui_dataset/ground_truth/pil/identity_0169.json,identity
identity_0170,images/pil/identity_0170.png,/data/gpfs/projects/punim2826/Smith/Anti-Extraction-v2/data/ui_dataset/ground_truth/pil/identity_0170.json,identity
identity_0171,images/pil/identity_0171.png,/data/gpfs/projects/punim2826/Smith/Anti-Extraction-v2/data/ui_dataset/ground_truth/pil/identity_0171.json,identity
identity_0172,images/pil/identity_0172.png,/data/gpfs/projects/punim2826/Smith/Anti-Extraction-v2/data/ui_dataset/ground_truth/pil/identity_0172.json,identity
identity_0173,images/pil/identity_0173.png,/data/gpfs/projects/punim2826/Smith/Anti-Extraction-v2/data/ui_dataset/ground_truth/pil/identity_0173.json,identity
identity_0174,images/pil/identity_0174.png,/data/gpfs/projects/punim2826/Smith/Anti-Extraction-v2/data/ui_dataset/ground_truth/pil/identity_0174.json,identity
identity_0175,images/pil/identity_0175.png,/data/gpfs/projects/punim2826/Smith/Anti-Extraction-v2/data/ui_dataset/ground_truth/pil/identity_0175.json,identity
identity_0176,images/pil/identity_0176.png,/data/gpfs/projects/punim2826/Smith/Anti-Extraction-v2/data/ui_dataset/ground_truth/pil/identity_0176.json,identity
identity_0177,images/pil/identity_0177.png,/data/gpfs/projects/punim2826/Smith/Anti-Extraction-v2/data/ui_dataset/ground_truth/pil/identity_0177.json,identity
identity_0178,images/pil/identity_0178.png,/data/gpfs/projects/punim2826/Smith/Anti-Extraction-v2/data/ui_dataset/ground_truth/pil/identity_0178.json,identity
identity_0179,images/pil/identity_0179.png,/data/gpfs/projects/punim2826/Smith/Anti-Extraction-v2/data/ui_dataset/ground_truth/pil/identity_0179.json,identity
identity_0180,images/pil/identity_0180.png,/data/gpfs/projects/punim2826/Smith/Anti-Extraction-v2/data/ui_dataset/ground_truth/pil/identity_0180.json,identity
identity_0181,images/pil/identity_0181.png,/data/gpfs/projects/punim2826/Smith/Anti-Extraction-v2/data/ui_dataset/ground_truth/pil/identity_0181.json,identity
identity_0182,images/pil/identity_0182.png,/data/gpfs/projects/punim2826/Smith/Anti-Extraction-v2/data/ui_dataset/ground_truth/pil/identity_0182.json,identity
identity_0183,images/pil/identity_0183.png,/data/gpfs/projects/punim2826/Smith/Anti-Extraction-v2/data/ui_dataset/ground_truth/pil/identity_0183.json,identity
identity_0184,images/pil/identity_0184.png,/data/gpfs/projects/punim2826/Smith/Anti-Extraction-v2/data/ui_dataset/ground_truth/pil/identity_0184.json,identity
identity_0185,images/pil/identity_0185.png,/data/gpfs/projects/punim2826/Smith/Anti-Extraction-v2/data/ui_dataset/ground_truth/pil/identity_0185.json,identity
identity_0186,images/pil/identity_0186.png,/data/gpfs/projects/punim2826/Smith/Anti-Extraction-v2/data/ui_dataset/ground_truth/pil/identity_0186.json,identity
identity_0187,images/pil/identity_0187.png,/data/gpfs/projects/punim2826/Smith/Anti-Extraction-v2/data/ui_dataset/ground_truth/pil/identity_0187.json,identity
identity_0188,images/pil/identity_0188.png,/data/gpfs/projects/punim2826/Smith/Anti-Extraction-v2/data/ui_dataset/ground_truth/pil/identity_0188.json,identity
identity_0189,images/pil/identity_0189.png,/data/gpfs/projects/punim2826/Smith/Anti-Extraction-v2/data/ui_dataset/ground_truth/pil/identity_0189.json,identity
identity_0190,images/pil/identity_0190.png,/data/gpfs/projects/punim2826/Smith/Anti-Extraction-v2/data/ui_dataset/ground_truth/pil/identity_0190.json,identity
identity_0191,images/pil/identity_0191.png,/data/gpfs/projects/punim2826/Smith/Anti-Extraction-v2/data/ui_dataset/ground_truth/pil/identity_0191.json,identity
identity_0192,images/pil/identity_0192.png,/data/gpfs/projects/punim2826/Smith/Anti-Extraction-v2/data/ui_dataset/ground_truth/pil/identity_0192.json,identity
identity_0193,images/pil/identity_0193.png,/data/gpfs/projects/punim2826/Smith/Anti-Extraction-v2/data/ui_dataset/ground_truth/pil/identity_0193.json,identity
identity_0194,images/pil/identity_0194.png,/data/gpfs/projects/punim2826/Smith/Anti-Extraction-v2/data/ui_dataset/ground_truth/pil/identity_0194.json,identity
identity_0195,images/pil/identity_0195.png,/data/gpfs/projects/punim2826/Smith/Anti-Extraction-v2/data/ui_dataset/ground_truth/pil/identity_0195.json,identity
identity_0196,images/pil/identity_0196.png,/data/gpfs/projects/punim2826/Smith/Anti-Extraction-v2/data/ui_dataset/ground_truth/pil/identity_0196.json,identity
identity_0197,images/pil/identity_0197.png,/data/gpfs/projects/punim2826/Smith/Anti-Extraction-v2/data/ui_dataset/ground_truth/pil/identity_0197.json,identity
identity_0198,images/pil/identity_0198.png,/data/gpfs/projects/punim2826/Smith/Anti-Extraction-v2/data/ui_dataset/ground_truth/pil/identity_0198.json,identity
identity_0199,images/pil/identity_0199.png,/data/gpfs/projects/punim2826/Smith/Anti-Extraction-v2/data/ui_dataset/ground_truth/pil/identity_0199.json,identity
identity_0200,images/pil/identity_0200.png,/data/gpfs/projects/punim2826/Smith/Anti-Extraction-v2/data/ui_dataset/ground_truth/pil/identity_0200.json,identity
identity_0201,images/pil/identity_0201.png,/data/gpfs/projects/punim2826/Smith/Anti-Extraction-v2/data/ui_dataset/ground_truth/pil/identity_0201.json,identity
identity_0202,images/pil/identity_0202.png,/data/gpfs/projects/punim2826/Smith/Anti-Extraction-v2/data/ui_dataset/ground_truth/pil/identity_0202.json,identity
identity_0203,images/pil/identity_0203.png,/data/gpfs/projects/punim2826/Smith/Anti-Extraction-v2/data/ui_dataset/ground_truth/pil/identity_0203.json,identity
identity_0204,images/pil/identity_0204.png,/data/gpfs/projects/punim2826/Smith/Anti-Extraction-v2/data/ui_dataset/ground_truth/pil/identity_0204.json,identity
identity_0205,images/pil/identity_0205.png,/data/gpfs/projects/punim2826/Smith/Anti-Extraction-v2/data/ui_dataset/ground_truth/pil/identity_0205.json,identity
identity_0206,images/pil/identity_0206.png,/data/gpfs/projects/punim2826/Smith/Anti-Extraction-v2/data/ui_dataset/ground_truth/pil/identity_0206.json,identity
identity_0207,images/pil/identity_0207.png,/data/gpfs/projects/punim2826/Smith/Anti-Extraction-v2/data/ui_dataset/ground_truth/pil/identity_0207.json,identity
identity_0208,images/pil/identity_0208.png,/data/gpfs/projects/punim2826/Smith/Anti-Extraction-v2/data/ui_dataset/ground_truth/pil/identity_0208.json,identity
identity_0209,images/pil/identity_0209.png,/data/gpfs/projects/punim2826/Smith/Anti-Extraction-v2/data/ui_dataset/ground_truth/pil/identity_0209.json,identity
identity_0210,images/pil/identity_0210.png,/data/gpfs/projects/punim2826/Smith/Anti-Extraction-v2/data/ui_dataset/ground_truth/pil/identity_0210.json,identity
identity_0211,images/pil/identity_0211.png,/data/gpfs/projects/punim2826/Smith/Anti-Extraction-v2/data/ui_dataset/ground_truth/pil/identity_0211.json,identity
identity_0212,images/pil/identity_0212.png,/data/gpfs/projects/punim2826/Smith/Anti-Extraction-v2/data/ui_dataset/ground_truth/pil/identity_0212.json,identity
identity_0213,images/pil/identity_0213.png,/data/gpfs/projects/punim2826/Smith/Anti-Extraction-v2/data/ui_dataset/ground_truth/pil/identity_0213.json,identity
identity_0214,images/pil/identity_0214.png,/data/gpfs/projects/punim2826/Smith/Anti-Extraction-v2/data/ui_dataset/ground_truth/pil/identity_0214.json,identity
identity_0215,images/pil/identity_0215.png,/data/gpfs/projects/punim2826/Smith/Anti-Extraction-v2/data/ui_dataset/ground_truth/pil/identity_0215.json,identity
identity_0216,images/pil/identity_0216.png,/data/gpfs/projects/punim2826/Smith/Anti-Extraction-v2/data/ui_dataset/ground_truth/pil/identity_0216.json,identity
identity_0217,images/pil/identity_0217.png,/data/gpfs/projects/punim2826/Smith/Anti-Extraction-v2/data/ui_dataset/ground_truth/pil/identity_0217.json,identity
identity_0218,images/pil/identity_0218.png,/data/gpfs/projects/punim2826/Smith/Anti-Extraction-v2/data/ui_dataset/ground_truth/pil/identity_0218.json,identity
identity_0219,images/pil/identity_0219.png,/data/gpfs/projects/punim2826/Smith/Anti-Extraction-v2/data/ui_dataset/ground_truth/pil/identity_0219.json,identity
identity_0220,images/pil/identity_0220.png,/data/gpfs/projects/punim2826/Smith/Anti-Extraction-v2/data/ui_dataset/ground_truth/pil/identity_0220.json,identity
identity_0221,images/pil/identity_0221.png,/data/gpfs/projects/punim2826/Smith/Anti-Extraction-v2/data/ui_dataset/ground_truth/pil/identity_0221.json,identity
identity_0222,images/pil/identity_0222.png,/data/gpfs/projects/punim2826/Smith/Anti-Extraction-v2/data/ui_dataset/ground_truth/pil/identity_0222.json,identity
identity_0223,images/pil/identity_0223.png,/data/gpfs/projects/punim2826/Smith/Anti-Extraction-v2/data/ui_dataset/ground_truth/pil/identity_0223.json,identity
identity_0224,images/pil/identity_0224.png,/data/gpfs/projects/punim2826/Smith/Anti-Extraction-v2/data/ui_dataset/ground_truth/pil/identity_0224.json,identity
identity_0225,images/pil/identity_0225.png,/data/gpfs/projects/punim2826/Smith/Anti-Extraction-v2/data/ui_dataset/ground_truth/pil/identity_0225.json,identity
identity_0226,images/pil/identity_0226.png,/data/gpfs/projects/punim2826/Smith/Anti-Extraction-v2/data/ui_dataset/ground_truth/pil/identity_0226.json,identity
identity_0227,images/pil/identity_0227.png,/data/gpfs/projects/punim2826/Smith/Anti-Extraction-v2/data/ui_dataset/ground_truth/pil/identity_0227.json,identity
identity_0228,images/pil/identity_0228.png,/data/gpfs/projects/punim2826/Smith/Anti-Extraction-v2/data/ui_dataset/ground_truth/pil/identity_0228.json,identity
identity_0229,images/pil/identity_0229.png,/data/gpfs/projects/punim2826/Smith/Anti-Extraction-v2/data/ui_dataset/ground_truth/pil/identity_0229.json,identity
identity_0230,images/pil/identity_0230.png,/data/gpfs/projects/punim2826/Smith/Anti-Extraction-v2/data/ui_dataset/ground_truth/pil/identity_0230.json,identity
identity_0231,images/pil/identity_0231.png,/data/gpfs/projects/punim2826/Smith/Anti-Extraction-v2/data/ui_dataset/ground_truth/pil/identity_0231.json,identity
identity_0232,images/pil/identity_0232.png,/data/gpfs/projects/punim2826/Smith/Anti-Extraction-v2/data/ui_dataset/ground_truth/pil/identity_0232.json,identity
identity_0233,images/pil/identity_0233.png,/data/gpfs/projects/punim2826/Smith/Anti-Extraction-v2/data/ui_dataset/ground_truth/pil/identity_0233.json,identity
identity_0234,images/pil/identity_0234.png,/data/gpfs/projects/punim2826/Smith/Anti-Extraction-v2/data/ui_dataset/ground_truth/pil/identity_0234.json,identity
identity_0235,images/pil/identity_0235.png,/data/gpfs/projects/punim2826/Smith/Anti-Extraction-v2/data/ui_dataset/ground_truth/pil/identity_0235.json,identity
identity_0236,images/pil/identity_0236.png,/data/gpfs/projects/punim2826/Smith/Anti-Extraction-v2/data/ui_dataset/ground_truth/pil/identity_0236.json,identity
identity_0237,images/pil/identity_0237.png,/data/gpfs/projects/punim2826/Smith/Anti-Extraction-v2/data/ui_dataset/ground_truth/pil/identity_0237.json,identity
identity_0238,images/pil/identity_0238.png,/data/gpfs/projects/punim2826/Smith/Anti-Extraction-v2/data/ui_dataset/ground_truth/pil/identity_0238.json,identity
identity_0239,images/pil/identity_0239.png,/data/gpfs/projects/punim2826/Smith/Anti-Extraction-v2/data/ui_dataset/ground_truth/pil/identity_0239.json,identity
identity_0240,images/pil/identity_0240.png,/data/gpfs/projects/punim2826/Smith/Anti-Extraction-v2/data/ui_dataset/ground_truth/pil/identity_0240.json,identity
identity_0241,images/pil/identity_0241.png,/data/gpfs/projects/punim2826/Smith/Anti-Extraction-v2/data/ui_dataset/ground_truth/pil/identity_0241.json,identity
identity_0242,images/pil/identity_0242.png,/data/gpfs/projects/punim2826/Smith/Anti-Extraction-v2/data/ui_dataset/ground_truth/pil/identity_0242.json,identity
identity_0243,images/pil/identity_0243.png,/data/gpfs/projects/punim2826/Smith/Anti-Extraction-v2/data/ui_dataset/ground_truth/pil/identity_0243.json,identity
identity_0244,images/pil/identity_0244.png,/data/gpfs/projects/punim2826/Smith/Anti-Extraction-v2/data/ui_dataset/ground_truth/pil/identity_0244.json,identity
identity_0245,images/pil/identity_0245.png,/data/gpfs/projects/punim2826/Smith/Anti-Extraction-v2/data/ui_dataset/ground_truth/pil/identity_0245.json,identity
identity_0246,images/pil/identity_0246.png,/data/gpfs/projects/punim2826/Smith/Anti-Extraction-v2/data/ui_dataset/ground_truth/pil/identity_0246.json,identity
identity_0247,images/pil/identity_0247.png,/data/gpfs/projects/punim2826/Smith/Anti-Extraction-v2/data/ui_dataset/ground_truth/pil/identity_0247.json,identity
identity_0248,images/pil/identity_0248.png,/data/gpfs/projects/punim2826/Smith/Anti-Extraction-v2/data/ui_dataset/ground_truth/pil/identity_0248.json,identity
identity_0249,images/pil/identity_0249.png,/data/gpfs/projects/punim2826/Smith/Anti-Extraction-v2/data/ui_dataset/ground_truth/pil/identity_0249.json,identity
communications_0000,images/pil/communications_0000.png,/data/gpfs/projects/punim2826/Smith/Anti-Extraction-v2/data/ui_dataset/ground_truth/pil/communications_0000.json,communications
communications_0001,images/pil/communications_0001.png,/data/gpfs/projects/punim2826/Smith/Anti-Extraction-v2/data/ui_dataset/ground_truth/pil/communications_0001.json,communications
communications_0002,images/pil/communications_0002.png,/data/gpfs/projects/punim2826/Smith/Anti-Extraction-v2/data/ui_dataset/ground_truth/pil/communications_0002.json,communications
communications_0003,images/pil/communications_0003.png,/data/gpfs/projects/punim2826/Smith/Anti-Extraction-v2/data/ui_dataset/ground_truth/pil/communications_0003.json,communications
communications_0004,images/pil/communications_0004.png,/data/gpfs/projects/punim2826/Smith/Anti-Extraction-v2/data/ui_dataset/ground_truth/pil/communications_0004.json,communications
communications_0005,images/pil/communications_0005.png,/data/gpfs/projects/punim2826/Smith/Anti-Extraction-v2/data/ui_dataset/ground_truth/pil/communications_0005.json,communications
communications_0006,images/pil/communications_0006.png,/data/gpfs/projects/punim2826/Smith/Anti-Extraction-v2/data/ui_dataset/ground_truth/pil/communications_0006.json,communications
communications_0007,images/pil/communications_0007.png,/data/gpfs/projects/punim2826/Smith/Anti-Extraction-v2/data/ui_dataset/ground_truth/pil/communications_0007.json,communications
communications_0008,images/pil/communications_0008.png,/data/gpfs/projects/punim2826/Smith/Anti-Extraction-v2/data/ui_dataset/ground_truth/pil/communications_0008.json,communications
communications_0009,images/pil/communications_0009.png,/data/gpfs/projects/punim2826/Smith/Anti-Extraction-v2/data/ui_dataset/ground_truth/pil/communications_0009.json,communications
communications_0010,images/pil/communications_0010.png,/data/gpfs/projects/punim2826/Smith/Anti-Extraction-v2/data/ui_dataset/ground_truth/pil/communications_0010.json,communications
communications_0011,images/pil/communications_0011.png,/data/gpfs/projects/punim2826/Smith/Anti-Extraction-v2/data/ui_dataset/ground_truth/pil/communications_0011.json,communications
communications_0012,images/pil/communications_0012.png,/data/gpfs/projects/punim2826/Smith/Anti-Extraction-v2/data/ui_dataset/ground_truth/pil/communications_0012.json,communications
communications_0013,images/pil/communications_0013.png,/data/gpfs/projects/punim2826/Smith/Anti-Extraction-v2/data/ui_dataset/ground_truth/pil/communications_0013.json,communications
communications_0014,images/pil/communications_0014.png,/data/gpfs/projects/punim2826/Smith/Anti-Extraction-v2/data/ui_dataset/ground_truth/pil/communications_0014.json,communications
communications_0015,images/pil/communications_0015.png,/data/gpfs/projects/punim2826/Smith/Anti-Extraction-v2/data/ui_dataset/ground_truth/pil/communications_0015.json,communications
communications_0016,images/pil/communications_0016.png,/data/gpfs/projects/punim2826/Smith/Anti-Extraction-v2/data/ui_dataset/ground_truth/pil/communications_0016.json,communications
communications_0017,images/pil/communications_0017.png,/data/gpfs/projects/punim2826/Smith/Anti-Extraction-v2/data/ui_dataset/ground_truth/pil/communications_0017.json,communications
communications_0018,images/pil/communications_0018.png,/data/gpfs/projects/punim2826/Smith/Anti-Extraction-v2/data/ui_dataset/ground_truth/pil/communications_0018.json,communications
communications_0019,images/pil/communications_0019.png,/data/gpfs/projects/punim2826/Smith/Anti-Extraction-v2/data/ui_dataset/ground_truth/pil/communications_0019.json,communications
communications_0020,images/pil/communications_0020.png,/data/gpfs/projects/punim2826/Smith/Anti-Extraction-v2/data/ui_dataset/ground_truth/pil/communications_0020.json,communications
communications_0021,images/pil/communications_0021.png,/data/gpfs/projects/punim2826/Smith/Anti-Extraction-v2/data/ui_dataset/ground_truth/pil/communications_0021.json,communications
communications_0022,images/pil/communications_0022.png,/data/gpfs/projects/punim2826/Smith/Anti-Extraction-v2/data/ui_dataset/ground_truth/pil/communications_0022.json,communications
communications_0023,images/pil/communications_0023.png,/data/gpfs/projects/punim2826/Smith/Anti-Extraction-v2/data/ui_dataset/ground_truth/pil/communications_0023.json,communications
communications_0024,images/pil/communications_0024.png,/data/gpfs/projects/punim2826/Smith/Anti-Extraction-v2/data/ui_dataset/ground_truth/pil/communications_0024.json,communications
communications_0025,images/pil/communications_0025.png,/data/gpfs/projects/punim2826/Smith/Anti-Extraction-v2/data/ui_dataset/ground_truth/pil/communications_0025.json,communications
communications_0026,images/pil/communications_0026.png,/data/gpfs/projects/punim2826/Smith/Anti-Extraction-v2/data/ui_dataset/ground_truth/pil/communications_0026.json,communications
communications_0027,images/pil/communications_0027.png,/data/gpfs/projects/punim2826/Smith/Anti-Extraction-v2/data/ui_dataset/ground_truth/pil/communications_0027.json,communications
communications_0028,images/pil/communications_0028.png,/data/gpfs/projects/punim2826/Smith/Anti-Extraction-v2/data/ui_dataset/ground_truth/pil/communications_0028.json,communications
communications_0029,images/pil/communications_0029.png,/data/gpfs/projects/punim2826/Smith/Anti-Extraction-v2/data/ui_dataset/ground_truth/pil/communications_0029.json,communications
communications_0030,images/pil/communications_0030.png,/data/gpfs/projects/punim2826/Smith/Anti-Extraction-v2/data/ui_dataset/ground_truth/pil/communications_0030.json,communications
communications_0031,images/pil/communications_0031.png,/data/gpfs/projects/punim2826/Smith/Anti-Extraction-v2/data/ui_dataset/ground_truth/pil/communications_0031.json,communications
communications_0032,images/pil/communications_0032.png,/data/gpfs/projects/punim2826/Smith/Anti-Extraction-v2/data/ui_dataset/ground_truth/pil/communications_0032.json,communications
communications_0033,images/pil/communications_0033.png,/data/gpfs/projects/punim2826/Smith/Anti-Extraction-v2/data/ui_dataset/ground_truth/pil/communications_0033.json,communications
communications_0034,images/pil/communications_0034.png,/data/gpfs/projects/punim2826/Smith/Anti-Extraction-v2/data/ui_dataset/ground_truth/pil/communications_0034.json,communications
communications_0035,images/pil/communications_0035.png,/data/gpfs/projects/punim2826/Smith/Anti-Extraction-v2/data/ui_dataset/ground_truth/pil/communications_0035.json,communications
communications_0036,images/pil/communications_0036.png,/data/gpfs/projects/punim2826/Smith/Anti-Extraction-v2/data/ui_dataset/ground_truth/pil/communications_0036.json,communications
communications_0037,images/pil/communications_0037.png,/data/gpfs/projects/punim2826/Smith/Anti-Extraction-v2/data/ui_dataset/ground_truth/pil/communications_0037.json,communications
communications_0038,images/pil/communications_0038.png,/data/gpfs/projects/punim2826/Smith/Anti-Extraction-v2/data/ui_dataset/ground_truth/pil/communications_0038.json,communications
communications_0039,images/pil/communications_0039.png,/data/gpfs/projects/punim2826/Smith/Anti-Extraction-v2/data/ui_dataset/ground_truth/pil/communications_0039.json,communications
communications_0040,images/pil/communications_0040.png,/data/gpfs/projects/punim2826/Smith/Anti-Extraction-v2/data/ui_dataset/ground_truth/pil/communications_0040.json,communications
communications_0041,images/pil/communications_0041.png,/data/gpfs/projects/punim2826/Smith/Anti-Extraction-v2/data/ui_dataset/ground_truth/pil/communications_0041.json,communications
communications_0042,images/pil/communications_0042.png,/data/gpfs/projects/punim2826/Smith/Anti-Extraction-v2/data/ui_dataset/ground_truth/pil/communications_0042.json,communications
communications_0043,images/pil/communications_0043.png,/data/gpfs/projects/punim2826/Smith/Anti-Extraction-v2/data/ui_dataset/ground_truth/pil/communications_0043.json,communications
communications_0044,images/pil/communications_0044.png,/data/gpfs/projects/punim2826/Smith/Anti-Extraction-v2/data/ui_dataset/ground_truth/pil/communications_0044.json,communications
communications_0045,images/pil/communications_0045.png,/data/gpfs/projects/punim2826/Smith/Anti-Extraction-v2/data/ui_dataset/ground_truth/pil/communications_0045.json,communications
communications_0046,images/pil/communications_0046.png,/data/gpfs/projects/punim2826/Smith/Anti-Extraction-v2/data/ui_dataset/ground_truth/pil/communications_0046.json,communications
communications_0047,images/pil/communications_0047.png,/data/gpfs/projects/punim2826/Smith/Anti-Extraction-v2/data/ui_dataset/ground_truth/pil/communications_0047.json,communications
communications_0048,images/pil/communications_0048.png,/data/gpfs/projects/punim2826/Smith/Anti-Extraction-v2/data/ui_dataset/ground_truth/pil/communications_0048.json,communications
communications_0049,images/pil/communications_0049.png,/data/gpfs/projects/punim2826/Smith/Anti-Extraction-v2/data/ui_dataset/ground_truth/pil/communications_0049.json,communications
communications_0050,images/pil/communications_0050.png,/data/gpfs/projects/punim2826/Smith/Anti-Extraction-v2/data/ui_dataset/ground_truth/pil/communications_0050.json,communications
communications_0051,images/pil/communications_0051.png,/data/gpfs/projects/punim2826/Smith/Anti-Extraction-v2/data/ui_dataset/ground_truth/pil/communications_0051.json,communications
communications_0052,images/pil/communications_0052.png,/data/gpfs/projects/punim2826/Smith/Anti-Extraction-v2/data/ui_dataset/ground_truth/pil/communications_0052.json,communications
communications_0053,images/pil/communications_0053.png,/data/gpfs/projects/punim2826/Smith/Anti-Extraction-v2/data/ui_dataset/ground_truth/pil/communications_0053.json,communications
communications_0054,images/pil/communications_0054.png,/data/gpfs/projects/punim2826/Smith/Anti-Extraction-v2/data/ui_dataset/ground_truth/pil/communications_0054.json,communications
communications_0055,images/pil/communications_0055.png,/data/gpfs/projects/punim2826/Smith/Anti-Extraction-v2/data/ui_dataset/ground_truth/pil/communications_0055.json,communications
communications_0056,images/pil/communications_0056.png,/data/gpfs/projects/punim2826/Smith/Anti-Extraction-v2/data/ui_dataset/ground_truth/pil/communications_0056.json,communications
communications_0057,images/pil/communications_0057.png,/data/gpfs/projects/punim2826/Smith/Anti-Extraction-v2/data/ui_dataset/ground_truth/pil/communications_0057.json,communications
communications_0058,images/pil/communications_0058.png,/data/gpfs/projects/punim2826/Smith/Anti-Extraction-v2/data/ui_dataset/ground_truth/pil/communications_0058.json,communications
communications_0059,images/pil/communications_0059.png,/data/gpfs/projects/punim2826/Smith/Anti-Extraction-v2/data/ui_dataset/ground_truth/pil/communications_0059.json,communications
communications_0060,images/pil/communications_0060.png,/data/gpfs/projects/punim2826/Smith/Anti-Extraction-v2/data/ui_dataset/ground_truth/pil/communications_0060.json,communications
communications_0061,images/pil/communications_0061.png,/data/gpfs/projects/punim2826/Smith/Anti-Extraction-v2/data/ui_dataset/ground_truth/pil/communications_0061.json,communications
communications_0062,images/pil/communications_0062.png,/data/gpfs/projects/punim2826/Smith/Anti-Extraction-v2/data/ui_dataset/ground_truth/pil/communications_0062.json,communications
communications_0063,images/pil/communications_0063.png,/data/gpfs/projects/punim2826/Smith/Anti-Extraction-v2/data/ui_dataset/ground_truth/pil/communications_0063.json,communications
communications_0064,images/pil/communications_0064.png,/data/gpfs/projects/punim2826/Smith/Anti-Extraction-v2/data/ui_dataset/ground_truth/pil/communications_0064.json,communications
communications_0065,images/pil/communications_0065.png,/data/gpfs/projects/punim2826/Smith/Anti-Extraction-v2/data/ui_dataset/ground_truth/pil/communications_0065.json,communications
communications_0066,images/pil/communications_0066.png,/data/gpfs/projects/punim2826/Smith/Anti-Extraction-v2/data/ui_dataset/ground_truth/pil/communications_0066.json,communications
communications_0067,images/pil/communications_0067.png,/data/gpfs/projects/punim2826/Smith/Anti-Extraction-v2/data/ui_dataset/ground_truth/pil/communications_0067.json,communications
communications_0068,images/pil/communications_0068.png,/data/gpfs/projects/punim2826/Smith/Anti-Extraction-v2/data/ui_dataset/ground_truth/pil/communications_0068.json,communications
communications_0069,images/pil/communications_0069.png,/data/gpfs/projects/punim2826/Smith/Anti-Extraction-v2/data/ui_dataset/ground_truth/pil/communications_0069.json,communications
communications_0070,images/pil/communications_0070.png,/data/gpfs/projects/punim2826/Smith/Anti-Extraction-v2/data/ui_dataset/ground_truth/pil/communications_0070.json,communications
communications_0071,images/pil/communications_0071.png,/data/gpfs/projects/punim2826/Smith/Anti-Extraction-v2/data/ui_dataset/ground_truth/pil/communications_0071.json,communications
communications_0072,images/pil/communications_0072.png,/data/gpfs/projects/punim2826/Smith/Anti-Extraction-v2/data/ui_dataset/ground_truth/pil/communications_0072.json,communications
communications_0073,images/pil/communications_0073.png,/data/gpfs/projects/punim2826/Smith/Anti-Extraction-v2/data/ui_dataset/ground_truth/pil/communications_0073.json,communications
communications_0074,images/pil/communications_0074.png,/data/gpfs/projects/punim2826/Smith/Anti-Extraction-v2/data/ui_dataset/ground_truth/pil/communications_0074.json,communications
communications_0075,images/pil/communications_0075.png,/data/gpfs/projects/punim2826/Smith/Anti-Extraction-v2/data/ui_dataset/ground_truth/pil/communications_0075.json,communications
communications_0076,images/pil/communications_0076.png,/data/gpfs/projects/punim2826/Smith/Anti-Extraction-v2/data/ui_dataset/ground_truth/pil/communications_0076.json,communications
communications_0077,images/pil/communications_0077.png,/data/gpfs/projects/punim2826/Smith/Anti-Extraction-v2/data/ui_dataset/ground_truth/pil/communications_0077.json,communications
communications_0078,images/pil/communications_0078.png,/data/gpfs/projects/punim2826/Smith/Anti-Extraction-v2/data/ui_dataset/ground_truth/pil/communications_0078.json,communications
communications_0079,images/pil/communications_0079.png,/data/gpfs/projects/punim2826/Smith/Anti-Extraction-v2/data/ui_dataset/ground_truth/pil/communications_0079.json,communications
communications_0080,images/pil/communications_0080.png,/data/gpfs/projects/punim2826/Smith/Anti-Extraction-v2/data/ui_dataset/ground_truth/pil/communications_0080.json,communications
communications_0081,images/pil/communications_0081.png,/data/gpfs/projects/punim2826/Smith/Anti-Extraction-v2/data/ui_dataset/ground_truth/pil/communications_0081.json,communications
communications_0082,images/pil/communications_0082.png,/data/gpfs/projects/punim2826/Smith/Anti-Extraction-v2/data/ui_dataset/ground_truth/pil/communications_0082.json,communications
communications_0083,images/pil/communications_0083.png,/data/gpfs/projects/punim2826/Smith/Anti-Extraction-v2/data/ui_dataset/ground_truth/pil/communications_0083.json,communications
communications_0084,images/pil/communications_0084.png,/data/gpfs/projects/punim2826/Smith/Anti-Extraction-v2/data/ui_dataset/ground_truth/pil/communications_0084.json,communications
communications_0085,images/pil/communications_0085.png,/data/gpfs/projects/punim2826/Smith/Anti-Extraction-v2/data/ui_dataset/ground_truth/pil/communications_0085.json,communications
communications_0086,images/pil/communications_0086.png,/data/gpfs/projects/punim2826/Smith/Anti-Extraction-v2/data/ui_dataset/ground_truth/pil/communications_0086.json,communications
communications_0087,images/pil/communications_0087.png,/data/gpfs/projects/punim2826/Smith/Anti-Extraction-v2/data/ui_dataset/ground_truth/pil/communications_0087.json,communications
communications_0088,images/pil/communications_0088.png,/data/gpfs/projects/punim2826/Smith/Anti-Extraction-v2/data/ui_dataset/ground_truth/pil/communications_0088.json,communications
communications_0089,images/pil/communications_0089.png,/data/gpfs/projects/punim2826/Smith/Anti-Extraction-v2/data/ui_dataset/ground_truth/pil/communications_0089.json,communications
communications_0090,images/pil/communications_0090.png,/data/gpfs/projects/punim2826/Smith/Anti-Extraction-v2/data/ui_dataset/ground_truth/pil/communications_0090.json,communications
communications_0091,images/pil/communications_0091.png,/data/gpfs/projects/punim2826/Smith/Anti-Extraction-v2/data/ui_dataset/ground_truth/pil/communications_0091.json,communications
communications_0092,images/pil/communications_0092.png,/data/gpfs/projects/punim2826/Smith/Anti-Extraction-v2/data/ui_dataset/ground_truth/pil/communications_0092.json,communications
communications_0093,images/pil/communications_0093.png,/data/gpfs/projects/punim2826/Smith/Anti-Extraction-v2/data/ui_dataset/ground_truth/pil/communications_0093.json,communications
communications_0094,images/pil/communications_0094.png,/data/gpfs/projects/punim2826/Smith/Anti-Extraction-v2/data/ui_dataset/ground_truth/pil/communications_0094.json,communications
communications_0095,images/pil/communications_0095.png,/data/gpfs/projects/punim2826/Smith/Anti-Extraction-v2/data/ui_dataset/ground_truth/pil/communications_0095.json,communications
communications_0096,images/pil/communications_0096.png,/data/gpfs/projects/punim2826/Smith/Anti-Extraction-v2/data/ui_dataset/ground_truth/pil/communications_0096.json,communications
communications_0097,images/pil/communications_0097.png,/data/gpfs/projects/punim2826/Smith/Anti-Extraction-v2/data/ui_dataset/ground_truth/pil/communications_0097.json,communications
communications_0098,images/pil/communications_0098.png,/data/gpfs/projects/punim2826/Smith/Anti-Extraction-v2/data/ui_dataset/ground_truth/pil/communications_0098.json,communications
communications_0099,images/pil/communications_0099.png,/data/gpfs/projects/punim2826/Smith/Anti-Extraction-v2/data/ui_dataset/ground_truth/pil/communications_0099.json,communications
communications_0100,images/pil/communications_0100.png,/data/gpfs/projects/punim2826/Smith/Anti-Extraction-v2/data/ui_dataset/ground_truth/pil/communications_0100.json,communications
communications_0101,images/pil/communications_0101.png,/data/gpfs/projects/punim2826/Smith/Anti-Extraction-v2/data/ui_dataset/ground_truth/pil/communications_0101.json,communications
communications_0102,images/pil/communications_0102.png,/data/gpfs/projects/punim2826/Smith/Anti-Extraction-v2/data/ui_dataset/ground_truth/pil/communications_0102.json,communications
communications_0103,images/pil/communications_0103.png,/data/gpfs/projects/punim2826/Smith/Anti-Extraction-v2/data/ui_dataset/ground_truth/pil/communications_0103.json,communications
communications_0104,images/pil/communications_0104.png,/data/gpfs/projects/punim2826/Smith/Anti-Extraction-v2/data/ui_dataset/ground_truth/pil/communications_0104.json,communications
communications_0105,images/pil/communications_0105.png,/data/gpfs/projects/punim2826/Smith/Anti-Extraction-v2/data/ui_dataset/ground_truth/pil/communications_0105.json,communications
communications_0106,images/pil/communications_0106.png,/data/gpfs/projects/punim2826/Smith/Anti-Extraction-v2/data/ui_dataset/ground_truth/pil/communications_0106.json,communications
communications_0107,images/pil/communications_0107.png,/data/gpfs/projects/punim2826/Smith/Anti-Extraction-v2/data/ui_dataset/ground_truth/pil/communications_0107.json,communications
communications_0108,images/pil/communications_0108.png,/data/gpfs/projects/punim2826/Smith/Anti-Extraction-v2/data/ui_dataset/ground_truth/pil/communications_0108.json,communications
communications_0109,images/pil/communications_0109.png,/data/gpfs/projects/punim2826/Smith/Anti-Extraction-v2/data/ui_dataset/ground_truth/pil/communications_0109.json,communications
communications_0110,images/pil/communications_0110.png,/data/gpfs/projects/punim2826/Smith/Anti-Extraction-v2/data/ui_dataset/ground_truth/pil/communications_0110.json,communications
communications_0111,images/pil/communications_0111.png,/data/gpfs/projects/punim2826/Smith/Anti-Extraction-v2/data/ui_dataset/ground_truth/pil/communications_0111.json,communications
communications_0112,images/pil/communications_0112.png,/data/gpfs/projects/punim2826/Smith/Anti-Extraction-v2/data/ui_dataset/ground_truth/pil/communications_0112.json,communications
communications_0113,images/pil/communications_0113.png,/data/gpfs/projects/punim2826/Smith/Anti-Extraction-v2/data/ui_dataset/ground_truth/pil/communications_0113.json,communications
communications_0114,images/pil/communications_0114.png,/data/gpfs/projects/punim2826/Smith/Anti-Extraction-v2/data/ui_dataset/ground_truth/pil/communications_0114.json,communications
communications_0115,images/pil/communications_0115.png,/data/gpfs/projects/punim2826/Smith/Anti-Extraction-v2/data/ui_dataset/ground_truth/pil/communications_0115.json,communications
communications_0116,images/pil/communications_0116.png,/data/gpfs/projects/punim2826/Smith/Anti-Extraction-v2/data/ui_dataset/ground_truth/pil/communications_0116.json,communications
communications_0117,images/pil/communications_0117.png,/data/gpfs/projects/punim2826/Smith/Anti-Extraction-v2/data/ui_dataset/ground_truth/pil/communications_0117.json,communications
communications_0118,images/pil/communications_0118.png,/data/gpfs/projects/punim2826/Smith/Anti-Extraction-v2/data/ui_dataset/ground_truth/pil/communications_0118.json,communications
communications_0119,images/pil/communications_0119.png,/data/gpfs/projects/punim2826/Smith/Anti-Extraction-v2/data/ui_dataset/ground_truth/pil/communications_0119.json,communications
communications_0120,images/pil/communications_0120.png,/data/gpfs/projects/punim2826/Smith/Anti-Extraction-v2/data/ui_dataset/ground_truth/pil/communications_0120.json,communications
communications_0121,images/pil/communications_0121.png,/data/gpfs/projects/punim2826/Smith/Anti-Extraction-v2/data/ui_dataset/ground_truth/pil/communications_0121.json,communications
communications_0122,images/pil/communications_0122.png,/data/gpfs/projects/punim2826/Smith/Anti-Extraction-v2/data/ui_dataset/ground_truth/pil/communications_0122.json,communications
communications_0123,images/pil/communications_0123.png,/data/gpfs/projects/punim2826/Smith/Anti-Extraction-v2/data/ui_dataset/ground_truth/pil/communications_0123.json,communications
communications_0124,images/pil/communications_0124.png,/data/gpfs/projects/punim2826/Smith/Anti-Extraction-v2/data/ui_dataset/ground_truth/pil/communications_0124.json,communications
communications_0125,images/pil/communications_0125.png,/data/gpfs/projects/punim2826/Smith/Anti-Extraction-v2/data/ui_dataset/ground_truth/pil/communications_0125.json,communications
communications_0126,images/pil/communications_0126.png,/data/gpfs/projects/punim2826/Smith/Anti-Extraction-v2/data/ui_dataset/ground_truth/pil/communications_0126.json,communications
communications_0127,images/pil/communications_0127.png,/data/gpfs/projects/punim2826/Smith/Anti-Extraction-v2/data/ui_dataset/ground_truth/pil/communications_0127.json,communications
communications_0128,images/pil/communications_0128.png,/data/gpfs/projects/punim2826/Smith/Anti-Extraction-v2/data/ui_dataset/ground_truth/pil/communications_0128.json,communications
communications_0129,images/pil/communications_0129.png,/data/gpfs/projects/punim2826/Smith/Anti-Extraction-v2/data/ui_dataset/ground_truth/pil/communications_0129.json,communications
communications_0130,images/pil/communications_0130.png,/data/gpfs/projects/punim2826/Smith/Anti-Extraction-v2/data/ui_dataset/ground_truth/pil/communications_0130.json,communications
communications_0131,images/pil/communications_0131.png,/data/gpfs/projects/punim2826/Smith/Anti-Extraction-v2/data/ui_dataset/ground_truth/pil/communications_0131.json,communications
communications_0132,images/pil/communications_0132.png,/data/gpfs/projects/punim2826/Smith/Anti-Extraction-v2/data/ui_dataset/ground_truth/pil/communications_0132.json,communications
communications_0133,images/pil/communications_0133.png,/data/gpfs/projects/punim2826/Smith/Anti-Extraction-v2/data/ui_dataset/ground_truth/pil/communications_0133.json,communications
communications_0134,images/pil/communications_0134.png,/data/gpfs/projects/punim2826/Smith/Anti-Extraction-v2/data/ui_dataset/ground_truth/pil/communications_0134.json,communications
communications_0135,images/pil/communications_0135.png,/data/gpfs/projects/punim2826/Smith/Anti-Extraction-v2/data/ui_dataset/ground_truth/pil/communications_0135.json,communications
communications_0136,images/pil/communications_0136.png,/data/gpfs/projects/punim2826/Smith/Anti-Extraction-v2/data/ui_dataset/ground_truth/pil/communications_0136.json,communications
communications_0137,images/pil/communications_0137.png,/data/gpfs/projects/punim2826/Smith/Anti-Extraction-v2/data/ui_dataset/ground_truth/pil/communications_0137.json,communications
communications_0138,images/pil/communications_0138.png,/data/gpfs/projects/punim2826/Smith/Anti-Extraction-v2/data/ui_dataset/ground_truth/pil/communications_0138.json,communications
communications_0139,images/pil/communications_0139.png,/data/gpfs/projects/punim2826/Smith/Anti-Extraction-v2/data/ui_dataset/ground_truth/pil/communications_0139.json,communications
communications_0140,images/pil/communications_0140.png,/data/gpfs/projects/punim2826/Smith/Anti-Extraction-v2/data/ui_dataset/ground_truth/pil/communications_0140.json,communications
communications_0141,images/pil/communications_0141.png,/data/gpfs/projects/punim2826/Smith/Anti-Extraction-v2/data/ui_dataset/ground_truth/pil/communications_0141.json,communications
communications_0142,images/pil/communications_0142.png,/data/gpfs/projects/punim2826/Smith/Anti-Extraction-v2/data/ui_dataset/ground_truth/pil/communications_0142.json,communications
communications_0143,images/pil/communications_0143.png,/data/gpfs/projects/punim2826/Smith/Anti-Extraction-v2/data/ui_dataset/ground_truth/pil/communications_0143.json,communications
communications_0144,images/pil/communications_0144.png,/data/gpfs/projects/punim2826/Smith/Anti-Extraction-v2/data/ui_dataset/ground_truth/pil/communications_0144.json,communications
communications_0145,images/pil/communications_0145.png,/data/gpfs/projects/punim2826/Smith/Anti-Extraction-v2/data/ui_dataset/ground_truth/pil/communications_0145.json,communications
communications_0146,images/pil/communications_0146.png,/data/gpfs/projects/punim2826/Smith/Anti-Extraction-v2/data/ui_dataset/ground_truth/pil/communications_0146.json,communications
communications_0147,images/pil/communications_0147.png,/data/gpfs/projects/punim2826/Smith/Anti-Extraction-v2/data/ui_dataset/ground_truth/pil/communications_0147.json,communications
communications_0148,images/pil/communications_0148.png,/data/gpfs/projects/punim2826/Smith/Anti-Extraction-v2/data/ui_dataset/ground_truth/pil/communications_0148.json,communications
communications_0149,images/pil/communications_0149.png,/data/gpfs/projects/punim2826/Smith/Anti-Extraction-v2/data/ui_dataset/ground_truth/pil/communications_0149.json,communications
communications_0150,images/pil/communications_0150.png,/data/gpfs/projects/punim2826/Smith/Anti-Extraction-v2/data/ui_dataset/ground_truth/pil/communications_0150.json,communications
communications_0151,images/pil/communications_0151.png,/data/gpfs/projects/punim2826/Smith/Anti-Extraction-v2/data/ui_dataset/ground_truth/pil/communications_0151.json,communications
communications_0152,images/pil/communications_0152.png,/data/gpfs/projects/punim2826/Smith/Anti-Extraction-v2/data/ui_dataset/ground_truth/pil/communications_0152.json,communications
communications_0153,images/pil/communications_0153.png,/data/gpfs/projects/punim2826/Smith/Anti-Extraction-v2/data/ui_dataset/ground_truth/pil/communications_0153.json,communications
communications_0154,images/pil/communications_0154.png,/data/gpfs/projects/punim2826/Smith/Anti-Extraction-v2/data/ui_dataset/ground_truth/pil/communications_0154.json,communications
communications_0155,images/pil/communications_0155.png,/data/gpfs/projects/punim2826/Smith/Anti-Extraction-v2/data/ui_dataset/ground_truth/pil/communications_0155.json,communications
communications_0156,images/pil/communications_0156.png,/data/gpfs/projects/punim2826/Smith/Anti-Extraction-v2/data/ui_dataset/ground_truth/pil/communications_0156.json,communications
communications_0157,images/pil/communications_0157.png,/data/gpfs/projects/punim2826/Smith/Anti-Extraction-v2/data/ui_dataset/ground_truth/pil/communications_0157.json,communications
communications_0158,images/pil/communications_0158.png,/data/gpfs/projects/punim2826/Smith/Anti-Extraction-v2/data/ui_dataset/ground_truth/pil/communications_0158.json,communications
communications_0159,images/pil/communications_0159.png,/data/gpfs/projects/punim2826/Smith/Anti-Extraction-v2/data/ui_dataset/ground_truth/pil/communications_0159.json,communications
communications_0160,images/pil/communications_0160.png,/data/gpfs/projects/punim2826/Smith/Anti-Extraction-v2/data/ui_dataset/ground_truth/pil/communications_0160.json,communications
communications_0161,images/pil/communications_0161.png,/data/gpfs/projects/punim2826/Smith/Anti-Extraction-v2/data/ui_dataset/ground_truth/pil/communications_0161.json,communications
communications_0162,images/pil/communications_0162.png,/data/gpfs/projects/punim2826/Smith/Anti-Extraction-v2/data/ui_dataset/ground_truth/pil/communications_0162.json,communications
communications_0163,images/pil/communications_0163.png,/data/gpfs/projects/punim2826/Smith/Anti-Extraction-v2/data/ui_dataset/ground_truth/pil/communications_0163.json,communications
communications_0164,images/pil/communications_0164.png,/data/gpfs/projects/punim2826/Smith/Anti-Extraction-v2/data/ui_dataset/ground_truth/pil/communications_0164.json,communications
communications_0165,images/pil/communications_0165.png,/data/gpfs/projects/punim2826/Smith/Anti-Extraction-v2/data/ui_dataset/ground_truth/pil/communications_0165.json,communications
communications_0166,images/pil/communications_0166.png,/data/gpfs/projects/punim2826/Smith/Anti-Extraction-v2/data/ui_dataset/ground_truth/pil/communications_0166.json,communications
communications_0167,images/pil/communications_0167.png,/data/gpfs/projects/punim2826/Smith/Anti-Extraction-v2/data/ui_dataset/ground_truth/pil/communications_0167.json,communications
communications_0168,images/pil/communications_0168.png,/data/gpfs/projects/punim2826/Smith/Anti-Extraction-v2/data/ui_dataset/ground_truth/pil/communications_0168.json,communications
communications_0169,images/pil/communications_0169.png,/data/gpfs/projects/punim2826/Smith/Anti-Extraction-v2/data/ui_dataset/ground_truth/pil/communications_0169.json,communications
communications_0170,images/pil/communications_0170.png,/data/gpfs/projects/punim2826/Smith/Anti-Extraction-v2/data/ui_dataset/ground_truth/pil/communications_0170.json,communications
communications_0171,images/pil/communications_0171.png,/data/gpfs/projects/punim2826/Smith/Anti-Extraction-v2/data/ui_dataset/ground_truth/pil/communications_0171.json,communications
communications_0172,images/pil/communications_0172.png,/data/gpfs/projects/punim2826/Smith/Anti-Extraction-v2/data/ui_dataset/ground_truth/pil/communications_0172.json,communications
communications_0173,images/pil/communications_0173.png,/data/gpfs/projects/punim2826/Smith/Anti-Extraction-v2/data/ui_dataset/ground_truth/pil/communications_0173.json,communications
communications_0174,images/pil/communications_0174.png,/data/gpfs/projects/punim2826/Smith/Anti-Extraction-v2/data/ui_dataset/ground_truth/pil/communications_0174.json,communications
communications_0175,images/pil/communications_0175.png,/data/gpfs/projects/punim2826/Smith/Anti-Extraction-v2/data/ui_dataset/ground_truth/pil/communications_0175.json,communications
communications_0176,images/pil/communications_0176.png,/data/gpfs/projects/punim2826/Smith/Anti-Extraction-v2/data/ui_dataset/ground_truth/pil/communications_0176.json,communications
communications_0177,images/pil/communications_0177.png,/data/gpfs/projects/punim2826/Smith/Anti-Extraction-v2/data/ui_dataset/ground_truth/pil/communications_0177.json,communications
communications_0178,images/pil/communications_0178.png,/data/gpfs/projects/punim2826/Smith/Anti-Extraction-v2/data/ui_dataset/ground_truth/pil/communications_0178.json,communications
communications_0179,images/pil/communications_0179.png,/data/gpfs/projects/punim2826/Smith/Anti-Extraction-v2/data/ui_dataset/ground_truth/pil/communications_0179.json,communications
communications_0180,images/pil/communications_0180.png,/data/gpfs/projects/punim2826/Smith/Anti-Extraction-v2/data/ui_dataset/ground_truth/pil/communications_0180.json,communications
communications_0181,images/pil/communications_0181.png,/data/gpfs/projects/punim2826/Smith/Anti-Extraction-v2/data/ui_dataset/ground_truth/pil/communications_0181.json,communications
communications_0182,images/pil/communications_0182.png,/data/gpfs/projects/punim2826/Smith/Anti-Extraction-v2/data/ui_dataset/ground_truth/pil/communications_0182.json,communications
communications_0183,images/pil/communications_0183.png,/data/gpfs/projects/punim2826/Smith/Anti-Extraction-v2/data/ui_dataset/ground_truth/pil/communications_0183.json,communications
communications_0184,images/pil/communications_0184.png,/data/gpfs/projects/punim2826/Smith/Anti-Extraction-v2/data/ui_dataset/ground_truth/pil/communications_0184.json,communications
communications_0185,images/pil/communications_0185.png,/data/gpfs/projects/punim2826/Smith/Anti-Extraction-v2/data/ui_dataset/ground_truth/pil/communications_0185.json,communications
communications_0186,images/pil/communications_0186.png,/data/gpfs/projects/punim2826/Smith/Anti-Extraction-v2/data/ui_dataset/ground_truth/pil/communications_0186.json,communications
communications_0187,images/pil/communications_0187.png,/data/gpfs/projects/punim2826/Smith/Anti-Extraction-v2/data/ui_dataset/ground_truth/pil/communications_0187.json,communications
communications_0188,images/pil/communications_0188.png,/data/gpfs/projects/punim2826/Smith/Anti-Extraction-v2/data/ui_dataset/ground_truth/pil/communications_0188.json,communications
communications_0189,images/pil/communications_0189.png,/data/gpfs/projects/punim2826/Smith/Anti-Extraction-v2/data/ui_dataset/ground_truth/pil/communications_0189.json,communications
communications_0190,images/pil/communications_0190.png,/data/gpfs/projects/punim2826/Smith/Anti-Extraction-v2/data/ui_dataset/ground_truth/pil/communications_0190.json,communications
communications_0191,images/pil/communications_0191.png,/data/gpfs/projects/punim2826/Smith/Anti-Extraction-v2/data/ui_dataset/ground_truth/pil/communications_0191.json,communications
communications_0192,images/pil/communications_0192.png,/data/gpfs/projects/punim2826/Smith/Anti-Extraction-v2/data/ui_dataset/ground_truth/pil/communications_0192.json,communications
communications_0193,images/pil/communications_0193.png,/data/gpfs/projects/punim2826/Smith/Anti-Extraction-v2/data/ui_dataset/ground_truth/pil/communications_0193.json,communications
communications_0194,images/pil/communications_0194.png,/data/gpfs/projects/punim2826/Smith/Anti-Extraction-v2/data/ui_dataset/ground_truth/pil/communications_0194.json,communications
communications_0195,images/pil/communications_0195.png,/data/gpfs/projects/punim2826/Smith/Anti-Extraction-v2/data/ui_dataset/ground_truth/pil/communications_0195.json,communications
communications_0196,images/pil/communications_0196.png,/data/gpfs/projects/punim2826/Smith/Anti-Extraction-v2/data/ui_dataset/ground_truth/pil/communications_0196.json,communications
communications_0197,images/pil/communications_0197.png,/data/gpfs/projects/punim2826/Smith/Anti-Extraction-v2/data/ui_dataset/ground_truth/pil/communications_0197.json,communications
communications_0198,images/pil/communications_0198.png,/data/gpfs/projects/punim2826/Smith/Anti-Extraction-v2/data/ui_dataset/ground_truth/pil/communications_0198.json,communications
communications_0199,images/pil/communications_0199.png,/data/gpfs/projects/punim2826/Smith/Anti-Extraction-v2/data/ui_dataset/ground_truth/pil/communications_0199.json,communications
communications_0200,images/pil/communications_0200.png,/data/gpfs/projects/punim2826/Smith/Anti-Extraction-v2/data/ui_dataset/ground_truth/pil/communications_0200.json,communications
communications_0201,images/pil/communications_0201.png,/data/gpfs/projects/punim2826/Smith/Anti-Extraction-v2/data/ui_dataset/ground_truth/pil/communications_0201.json,communications
communications_0202,images/pil/communications_0202.png,/data/gpfs/projects/punim2826/Smith/Anti-Extraction-v2/data/ui_dataset/ground_truth/pil/communications_0202.json,communications
communications_0203,images/pil/communications_0203.png,/data/gpfs/projects/punim2826/Smith/Anti-Extraction-v2/data/ui_dataset/ground_truth/pil/communications_0203.json,communications
communications_0204,images/pil/communications_0204.png,/data/gpfs/projects/punim2826/Smith/Anti-Extraction-v2/data/ui_dataset/ground_truth/pil/communications_0204.json,communications
communications_0205,images/pil/communications_0205.png,/data/gpfs/projects/punim2826/Smith/Anti-Extraction-v2/data/ui_dataset/ground_truth/pil/communications_0205.json,communications
communications_0206,images/pil/communications_0206.png,/data/gpfs/projects/punim2826/Smith/Anti-Extraction-v2/data/ui_dataset/ground_truth/pil/communications_0206.json,communications
communications_0207,images/pil/communications_0207.png,/data/gpfs/projects/punim2826/Smith/Anti-Extraction-v2/data/ui_dataset/ground_truth/pil/communications_0207.json,communications
communications_0208,images/pil/communications_0208.png,/data/gpfs/projects/punim2826/Smith/Anti-Extraction-v2/data/ui_dataset/ground_truth/pil/communications_0208.json,communications
communications_0209,images/pil/communications_0209.png,/data/gpfs/projects/punim2826/Smith/Anti-Extraction-v2/data/ui_dataset/ground_truth/pil/communications_0209.json,communications
communications_0210,images/pil/communications_0210.png,/data/gpfs/projects/punim2826/Smith/Anti-Extraction-v2/data/ui_dataset/ground_truth/pil/communications_0210.json,communications
communications_0211,images/pil/communications_0211.png,/data/gpfs/projects/punim2826/Smith/Anti-Extraction-v2/data/ui_dataset/ground_truth/pil/communications_0211.json,communications
communications_0212,images/pil/communications_0212.png,/data/gpfs/projects/punim2826/Smith/Anti-Extraction-v2/data/ui_dataset/ground_truth/pil/communications_0212.json,communications
communications_0213,images/pil/communications_0213.png,/data/gpfs/projects/punim2826/Smith/Anti-Extraction-v2/data/ui_dataset/ground_truth/pil/communications_0213.json,communications
communications_0214,images/pil/communications_0214.png,/data/gpfs/projects/punim2826/Smith/Anti-Extraction-v2/data/ui_dataset/ground_truth/pil/communications_0214.json,communications
communications_0215,images/pil/communications_0215.png,/data/gpfs/projects/punim2826/Smith/Anti-Extraction-v2/data/ui_dataset/ground_truth/pil/communications_0215.json,communications
communications_0216,images/pil/communications_0216.png,/data/gpfs/projects/punim2826/Smith/Anti-Extraction-v2/data/ui_dataset/ground_truth/pil/communications_0216.json,communications
communications_0217,images/pil/communications_0217.png,/data/gpfs/projects/punim2826/Smith/Anti-Extraction-v2/data/ui_dataset/ground_truth/pil/communications_0217.json,communications
communications_0218,images/pil/communications_0218.png,/data/gpfs/projects/punim2826/Smith/Anti-Extraction-v2/data/ui_dataset/ground_truth/pil/communications_0218.json,communications
communications_0219,images/pil/communications_0219.png,/data/gpfs/projects/punim2826/Smith/Anti-Extraction-v2/data/ui_dataset/ground_truth/pil/communications_0219.json,communications
communications_0220,images/pil/communications_0220.png,/data/gpfs/projects/punim2826/Smith/Anti-Extraction-v2/data/ui_dataset/ground_truth/pil/communications_0220.json,communications
communications_0221,images/pil/communications_0221.png,/data/gpfs/projects/punim2826/Smith/Anti-Extraction-v2/data/ui_dataset/ground_truth/pil/communications_0221.json,communications
communications_0222,images/pil/communications_0222.png,/data/gpfs/projects/punim2826/Smith/Anti-Extraction-v2/data/ui_dataset/ground_truth/pil/communications_0222.json,communications
communications_0223,images/pil/communications_0223.png,/data/gpfs/projects/punim2826/Smith/Anti-Extraction-v2/data/ui_dataset/ground_truth/pil/communications_0223.json,communications
communications_0224,images/pil/communications_0224.png,/data/gpfs/projects/punim2826/Smith/Anti-Extraction-v2/data/ui_dataset/ground_truth/pil/communications_0224.json,communications
communications_0225,images/pil/communications_0225.png,/data/gpfs/projects/punim2826/Smith/Anti-Extraction-v2/data/ui_dataset/ground_truth/pil/communications_0225.json,communications
communications_0226,images/pil/communications_0226.png,/data/gpfs/projects/punim2826/Smith/Anti-Extraction-v2/data/ui_dataset/ground_truth/pil/communications_0226.json,communications
communications_0227,images/pil/communications_0227.png,/data/gpfs/projects/punim2826/Smith/Anti-Extraction-v2/data/ui_dataset/ground_truth/pil/communications_0227.json,communications
communications_0228,images/pil/communications_0228.png,/data/gpfs/projects/punim2826/Smith/Anti-Extraction-v2/data/ui_dataset/ground_truth/pil/communications_0228.json,communications
communications_0229,images/pil/communications_0229.png,/data/gpfs/projects/punim2826/Smith/Anti-Extraction-v2/data/ui_dataset/ground_truth/pil/communications_0229.json,communications
communications_0230,images/pil/communications_0230.png,/data/gpfs/projects/punim2826/Smith/Anti-Extraction-v2/data/ui_dataset/ground_truth/pil/communications_0230.json,communications
communications_0231,images/pil/communications_0231.png,/data/gpfs/projects/punim2826/Smith/Anti-Extraction-v2/data/ui_dataset/ground_truth/pil/communications_0231.json,communications
communications_0232,images/pil/communications_0232.png,/data/gpfs/projects/punim2826/Smith/Anti-Extraction-v2/data/ui_dataset/ground_truth/pil/communications_0232.json,communications
communications_0233,images/pil/communications_0233.png,/data/gpfs/projects/punim2826/Smith/Anti-Extraction-v2/data/ui_dataset/ground_truth/pil/communications_0233.json,communications
communications_0234,images/pil/communications_0234.png,/data/gpfs/projects/punim2826/Smith/Anti-Extraction-v2/data/ui_dataset/ground_truth/pil/communications_0234.json,communications
communications_0235,images/pil/communications_0235.png,/data/gpfs/projects/punim2826/Smith/Anti-Extraction-v2/data/ui_dataset/ground_truth/pil/communications_0235.json,communications
communications_0236,images/pil/communications_0236.png,/data/gpfs/projects/punim2826/Smith/Anti-Extraction-v2/data/ui_dataset/ground_truth/pil/communications_0236.json,communications
communications_0237,images/pil/communications_0237.png,/data/gpfs/projects/punim2826/Smith/Anti-Extraction-v2/data/ui_dataset/ground_truth/pil/communications_0237.json,communications
communications_0238,images/pil/communications_0238.png,/data/gpfs/projects/punim2826/Smith/Anti-Extraction-v2/data/ui_dataset/ground_truth/pil/communications_0238.json,communications
communications_0239,images/pil/communications_0239.png,/data/gpfs/projects/punim2826/Smith/Anti-Extraction-v2/data/ui_dataset/ground_truth/pil/communications_0239.json,communications
communications_0240,images/pil/communications_0240.png,/data/gpfs/projects/punim2826/Smith/Anti-Extraction-v2/data/ui_dataset/ground_truth/pil/communications_0240.json,communications
communications_0241,images/pil/communications_0241.png,/data/gpfs/projects/punim2826/Smith/Anti-Extraction-v2/data/ui_dataset/ground_truth/pil/communications_0241.json,communications
communications_0242,images/pil/communications_0242.png,/data/gpfs/projects/punim2826/Smith/Anti-Extraction-v2/data/ui_dataset/ground_truth/pil/communications_0242.json,communications
communications_0243,images/pil/communications_0243.png,/data/gpfs/projects/punim2826/Smith/Anti-Extraction-v2/data/ui_dataset/ground_truth/pil/communications_0243.json,communications
communications_0244,images/pil/communications_0244.png,/data/gpfs/projects/punim2826/Smith/Anti-Extraction-v2/data/ui_dataset/ground_truth/pil/communications_0244.json,communications
communications_0245,images/pil/communications_0245.png,/data/gpfs/projects/punim2826/Smith/Anti-Extraction-v2/data/ui_dataset/ground_truth/pil/communications_0245.json,communications
communications_0246,images/pil/communications_0246.png,/data/gpfs/projects/punim2826/Smith/Anti-Extraction-v2/data/ui_dataset/ground_truth/pil/communications_0246.json,communications
communications_0247,images/pil/communications_0247.png,/data/gpfs/projects/punim2826/Smith/Anti-Extraction-v2/data/ui_dataset/ground_truth/pil/communications_0247.json,communications
communications_0248,images/pil/communications_0248.png,/data/gpfs/projects/punim2826/Smith/Anti-Extraction-v2/data/ui_dataset/ground_truth/pil/communications_0248.json,communications
communications_0249,images/pil/communications_0249.png,/data/gpfs/projects/punim2826/Smith/Anti-Extraction-v2/data/ui_dataset/ground_truth/pil/communications_0249.json,communications
